epoch,train_boundary_error,train_loss,train_loss_hf,train_loss_kappa,train_loss_w,train_raw_loss_hf,train_raw_loss_kappa,train_raw_loss_w,train_rmse_kappa,train_rmse_w,train_weighted_loss_hf,train_weighted_loss_kappa,train_weighted_loss_w,val_boundary_error,val_loss,val_loss_hf,val_loss_kappa,val_loss_w,val_raw_loss_hf,val_raw_loss_kappa,val_raw_loss_w,val_rmse_kappa,val_rmse_w,val_weighted_loss_hf,val_weighted_loss_kappa,val_weighted_loss_w
1.0,nan,16.218680063883465,0.09308638920386632,1591158.6666666667,16.218680063883465,0.09308638920386632,1591158.6666666667,16.218680063883465,27.984329586937314,0.07899979253609975,0.0,0.0,16.218680063883465,nan,9.655461492992583,0.03968678130989983,1052238.3988095238,9.655461492992583,0.03968678130989983,1052238.3988095238,9.655461492992583,18.366954894292924,0.05044687628036454,0.0,0.0,9.655461492992583
2.0,nan,7.679060663495745,0.02907904148811386,857732.2470238095,7.679060663495745,0.02907904148811386,857732.2470238095,7.679060663495745,15.364901406424385,0.040909831456485246,0.0,0.0,7.679060663495745,nan,3.5424464770725796,0.01275337589461179,465213.9761904762,3.5424464770725796,0.01275337589461179,465213.9761904762,3.5424464770725796,9.03113805680048,0.02109131562922682,0.0,0.0,3.5424464770725796
3.0,nan,3.0427838280087425,0.00987712089859304,379463.7708333333,3.0427838280087425,0.00987712089859304,379463.7708333333,3.0427838280087425,7.561619508834112,0.01781618462077209,0.0,0.0,3.0427838280087425,nan,3.164821284157889,0.004216192689325128,290508.94196428574,3.164821284157889,0.004216192689325128,290508.94196428574,3.164821284157889,5.1382257370721724,0.01729989131646497,0.0,0.0,3.164821284157889
4.0,nan,3.459872461500622,0.004561389907307568,338392.3125,3.459872461500622,0.004561389907307568,338392.3125,3.459872461500622,5.8869831675574895,0.019341455151637394,0.0,0.0,3.459872461500622,nan,3.7439502420879545,0.006969252845183725,436330.39136904763,3.7439502420879545,0.006969252845183725,436330.39136904763,3.7439502420879545,7.352051803043911,0.02239405292840231,0.0,0.0,3.7439502420879545
5.0,nan,3.4707787263961065,0.0073024808163089415,412170.4255952381,3.4707787263961065,0.0073024808163089415,412170.4255952381,3.4707787263961065,7.045882974352155,0.021143657110986255,0.0,0.0,3.4707787263961065,nan,2.383514438356672,0.006245014812087729,277295.9092261905,2.383514438356672,0.006245014812087729,277295.9092261905,2.383514438356672,5.720474175044468,0.01589918988091605,0.0,0.0,2.383514438356672
6.0,nan,1.9791384765080042,0.005105055791015427,235396.0974702381,1.9791384765080042,0.005105055791015427,235396.0974702381,1.9791384765080042,4.898650339671543,0.013769078866711684,0.0,0.0,1.9791384765080042,nan,1.4494442769459315,0.002545766443723724,181171.9880952381,1.4494442769459315,0.002545766443723724,181171.9880952381,1.4494442769459315,3.135550237837292,0.010477157309651375,0.0,0.0,1.4494442769459315
7.0,nan,1.4824829215095157,0.0018774981865481962,169887.47470238095,1.4824829215095157,0.0018774981865481962,169887.47470238095,1.4824829215095157,2.9739377271561396,0.010161651786239375,0.0,0.0,1.4824829215095157,nan,1.4318537371499198,0.001494315358632732,189507.828125,1.4318537371499198,0.001494315358632732,189507.828125,1.4318537371499198,3.24975856145223,0.009499620646238327,0.0,0.0,1.4318537371499198
8.0,nan,1.3267193010875158,0.0019347305697876784,195636.51339285713,1.3267193010875158,0.0019347305697876784,195636.51339285713,1.3267193010875158,3.492690994626,0.00938195681997708,0.0,0.0,1.3267193010875158,nan,1.164772555941627,0.002224396492931105,176120.45535714287,1.164772555941627,0.002224396492931105,176120.45535714287,1.164772555941627,3.299440009253366,0.009021402159262271,0.0,0.0,1.164772555941627
9.0,nan,1.1097834677923293,0.0017344486134658968,147289.53236607142,1.1097834677923293,0.0017344486134658968,147289.53236607142,1.1097834677923293,2.6903237388247536,0.008634928924341997,0.0,0.0,1.1097834677923293,nan,0.7769448132742018,0.00039684935888674645,64267.77752976191,0.7769448132742018,0.00039684935888674645,64267.77752976191,0.7769448132742018,1.189559539159139,0.00686281214335135,0.0,0.0,0.7769448132742018
10.0,nan,0.6910268806275868,0.0003857696789228136,72392.48735119047,0.6910268806275868,0.0003857696789228136,72392.48735119047,0.6910268806275868,1.3440937882377988,0.0062983159330629165,0.0,0.0,0.6910268806275868,nan,0.6213420487585521,0.0007947447842785291,100897.55729166667,0.6213420487585521,0.0007947447842785291,100897.55729166667,0.6213420487585521,1.8574001051130749,0.005816368851810694,0.0,0.0,0.6213420487585521
11.0,nan,0.6275366232508705,0.0006650598897110848,83272.72377232143,0.6275366232508705,0.0006650598897110848,83272.72377232143,0.6275366232508705,1.5105160815375192,0.00584180626486029,0.0,0.0,0.6275366232508705,nan,0.5138385012036278,0.00022665901772034842,83603.26897321429,0.5138385012036278,0.00022665901772034842,83603.26897321429,0.5138385012036278,1.520657017117455,0.005441818364141952,0.0,0.0,0.5138385012036278
12.0,nan,0.43931950132052106,0.000249377949373974,69658.79650297618,0.43931950132052106,0.000249377949373974,69658.79650297618,0.43931950132052106,1.2836863228252955,0.005045100159588314,0.0,0.0,0.43931950132052106,nan,0.39434043282554265,0.00038227181149912734,79418.17559523809,0.39434043282554265,0.00038227181149912734,79418.17559523809,0.39434043282554265,1.5740498928796678,0.004699728207751399,0.0,0.0,0.39434043282554265
13.0,nan,0.39258428414662677,0.00029420863817601156,77633.35435267857,0.39258428414662677,0.00029420863817601156,77633.35435267857,0.39258428414662677,1.557205665679205,0.004675450679358272,0.0,0.0,0.39258428414662677,nan,0.2760516916002546,0.00014199583078845448,41323.55152529762,0.2760516916002546,0.00014199583078845448,41323.55152529762,0.2760516916002546,0.806502830414545,0.004188685323156062,0.0,0.0,0.2760516916002546
14.0,nan,0.3049600294658116,0.00021072492693617408,57087.587239583336,0.3049600294658116,0.00021072492693617408,57087.587239583336,0.3049600294658116,1.1176739306676955,0.004346958960273436,0.0,0.0,0.3049600294658116,nan,0.2981437160855248,0.00011913853744599259,45213.75241815476,0.2981437160855248,0.00011913853744599259,45213.75241815476,0.2981437160855248,0.9076266033308846,0.004239510456543593,0.0,0.0,0.2981437160855248
15.0,nan,0.251831075265294,9.646580535142373e-05,40990.70256696428,0.251831075265294,9.646580535142373e-05,40990.70256696428,0.251831075265294,0.8040235127721514,0.004100533390772485,0.0,0.0,0.251831075265294,nan,0.3375346121333894,0.00021350400458600017,58525.18340773809,0.3375346121333894,0.00021350400458600017,58525.18340773809,0.3375346121333894,1.2361577976317633,0.004430610620017562,0.0,0.0,0.3375346121333894
16.0,nan,0.2738006469749269,0.0001355640337611216,45464.23651413691,0.2738006469749269,0.0001355640337611216,45464.23651413691,0.2738006469749269,0.9307291706403097,0.004194556425015132,0.0,0.0,0.2738006469749269,nan,0.25529751607349943,0.00010390098794319091,44989.1875,0.25529751607349943,0.00010390098794319091,44989.1875,0.25529751607349943,0.8768507015137446,0.004046560908179907,0.0,0.0,0.25529751607349943
17.0,nan,0.2593780897912525,0.00011391598846308799,44561.79538690476,0.2593780897912525,0.00011391598846308799,44561.79538690476,0.2593780897912525,0.8375419293131147,0.00413489478108074,0.0,0.0,0.2593780897912525,nan,0.18376672267913818,4.140201175080923e-05,28398.024925595237,0.18376672267913818,4.140201175080923e-05,28398.024925595237,0.18376672267913818,0.5406460137594313,0.0038008887675546462,0.0,0.0,0.18376672267913818
18.0,nan,0.22076281195595152,6.197862655556361e-05,32092.825706845237,0.22076281195595152,6.197862655556361e-05,32092.825706845237,0.22076281195595152,0.5894344505809602,0.003975252332609324,0.0,0.0,0.22076281195595152,nan,0.19330365601040067,3.6602000493855614e-05,22118.057942708332,0.19330365601040067,3.6602000493855614e-05,22118.057942708332,0.19330365601040067,0.3964135306222098,0.003826832753561792,0.0,0.0,0.19330365601040067
19.0,nan,0.1952437950032098,3.996121588334929e-05,23144.840029761905,0.1952437950032098,3.996121588334929e-05,23144.840029761905,0.1952437950032098,0.4231440041746412,0.0038874372839927673,0.0,0.0,0.1952437950032098,nan,0.1806636963571821,3.610769306847249e-05,24170.881417410714,0.1806636963571821,3.610769306847249e-05,24170.881417410714,0.1806636963571821,0.4158723254998525,0.003774194490341913,0.0,0.0,0.1806636963571821
20.0,nan,0.18284315935203008,3.09137594740605e-05,22290.984281994046,0.18284315935203008,3.09137594740605e-05,22290.984281994046,0.18284315935203008,0.3900010330336435,0.0037958729080855846,0.0,0.0,0.18284315935203008,nan,0.17062737118630183,2.9529603645122343e-05,22298.004743303572,0.17062737118630183,2.9529603645122343e-05,22298.004743303572,0.17062737118630183,0.3815982583023253,0.0037178311585670427,0.0,0.0,0.17062737118630183
21.0,nan,0.17345120154675983,2.4094633859238545e-05,18484.789527529763,0.17345120154675983,2.4094633859238545e-05,18484.789527529763,0.17345120154675983,0.32691374563035513,0.003796536697163468,0.0,0.0,0.17345120154675983,nan,0.177156700974419,3.472109580928061e-05,20748.7421875,0.177156700974419,3.472109580928061e-05,20748.7421875,0.177156700974419,0.4092132591065906,0.0037750317049877985,0.0,0.0,0.177156700974419
22.0,nan,0.1754231864497775,2.439644110078613e-05,16592.04027157738,0.1754231864497775,2.439644110078613e-05,16592.04027157738,0.1754231864497775,0.33024751572381883,0.0037558217466409716,0.0,0.0,0.1754231864497775,nan,0.182671620732262,4.895221475938646e-05,25482.503813244046,0.182671620732262,4.895221475938646e-05,25482.503813244046,0.182671620732262,0.47554437319437665,0.0037698266539900075,0.0,0.0,0.182671620732262
23.0,nan,0.1819159154381071,3.022115907653989e-05,20382.191592261905,0.1819159154381071,3.022115907653989e-05,20382.191592261905,0.1819159154381071,0.3659611486253284,0.0038360878714315946,0.0,0.0,0.1819159154381071,nan,0.20645785331726074,3.0729095063482724e-05,20798.374348958332,0.20645785331726074,3.0729095063482724e-05,20798.374348958332,0.20645785331726074,0.3657220332395463,0.003873976900996197,0.0,0.0,0.20645785331726074
24.0,nan,0.19333156943321228,2.0888452733440015e-05,15163.22056361607,0.19333156943321228,2.0888452733440015e-05,15163.22056361607,0.19333156943321228,0.2673732496443249,0.003861390608584597,0.0,0.0,0.19333156943321228,nan,0.2248887845448085,4.567510335445626e-05,25237.57654389881,0.2248887845448085,4.567510335445626e-05,25237.57654389881,0.2248887845448085,0.4349949941748664,0.00393447931855917,0.0,0.0,0.2248887845448085
25.0,nan,0.1965771374248323,2.8555024636305115e-05,19952.569196428572,0.1965771374248323,2.8555024636305115e-05,19952.569196428572,0.1965771374248323,0.3460864963985625,0.0038799125523794266,0.0,0.0,0.1965771374248323,nan,0.17850844065348306,2.9474673023547177e-05,26170.570126488095,0.17850844065348306,2.9474673023547177e-05,26170.570126488095,0.17850844065348306,0.4892640369279044,0.003753683685014645,0.0,0.0,0.17850844065348306
26.0,nan,0.1787237482411521,2.233672319648793e-05,20246.689360119046,0.1787237482411521,2.233672319648793e-05,20246.689360119046,0.1787237482411521,0.3767376584666116,0.003816063538016308,0.0,0.0,0.1787237482411521,nan,0.20629035149301803,2.9601472262930612e-05,18420.62927827381,0.20629035149301803,2.9601472262930612e-05,18420.62927827381,0.20629035149301803,0.34343214687846957,0.003842155426918041,0.0,0.0,0.20629035149301803
27.0,nan,0.20135913079693205,2.9671345297780743e-05,18918.873604910714,0.20135913079693205,2.9671345297780743e-05,18918.873604910714,0.20135913079693205,0.35925536709172384,0.003853563418877976,0.0,0.0,0.20135913079693205,nan,0.19496078434444608,2.0802497688453602e-05,20368.079427083332,0.19496078434444608,2.0802497688453602e-05,20368.079427083332,0.19496078434444608,0.3771160202366965,0.003833585884422064,0.0,0.0,0.19496078434444608
28.0,nan,0.19049179979733058,2.025071773373167e-05,18833.50558035714,0.19049179979733058,2.025071773373167e-05,18833.50558035714,0.19049179979733058,0.34896774660973323,0.0038623971132827656,0.0,0.0,0.19049179979733058,nan,0.18374758249237425,1.4699807165708903e-05,19298.09933035714,0.18374758249237425,1.4699807165708903e-05,19298.09933035714,0.18374758249237425,0.3692407693181719,0.0038072938276898292,0.0,0.0,0.18374758249237425
29.0,nan,0.18162443382399424,1.5472838120851e-05,16600.403738839286,0.18162443382399424,1.5472838120851e-05,16600.403738839286,0.18162443382399424,0.31772956252098083,0.0038327419952977272,0.0,0.0,0.18162443382399424,nan,0.1764360935915084,1.1575902481993017e-05,14148.761904761905,0.1764360935915084,1.1575902481993017e-05,14148.761904761905,0.1764360935915084,0.258577694495519,0.003734669404193049,0.0,0.0,0.1764360935915084
30.0,nan,0.17578884817305065,1.2987708638926657e-05,15562.109375,0.17578884817305065,1.2987708638926657e-05,15562.109375,0.17578884817305065,0.30867494287944974,0.0037995389928775175,0.0,0.0,0.17578884817305065,nan,0.1680351864723932,7.098381697038089e-06,8266.192429315477,0.1680351864723932,7.098381697038089e-06,8266.192429315477,0.1680351864723932,0.13692998034613474,0.003698846280929588,0.0,0.0,0.1680351864723932
31.0,nan,0.16709250992252714,8.82194947172095e-06,12000.206705729166,0.16709250992252714,8.82194947172095e-06,12000.206705729166,0.16709250992252714,0.2261624996151243,0.0037322986782306715,0.0,0.0,0.16709250992252714,nan,0.1703985950776509,1.3221290222039292e-05,18996.626395089286,0.1703985950776509,1.3221290222039292e-05,18996.626395089286,0.1703985950776509,0.37442115091142203,0.0037402319278390635,0.0,0.0,0.1703985950776509
32.0,nan,0.16549981243553616,1.0074571773224133e-05,15726.411830357143,0.16549981243553616,1.0074571773224133e-05,15726.411830357143,0.16549981243553616,0.29366202581496464,0.0036457839998460953,0.0,0.0,0.16549981243553616,nan,0.17329949921085722,6.1861596588555365e-06,14770.257626488095,0.17329949921085722,6.1861596588555365e-06,14770.257626488095,0.17329949921085722,0.2534084107194628,0.0037509502089094547,0.0,0.0,0.17329949921085722
33.0,nan,0.17213809632119678,9.723104518516698e-06,15465.177269345239,0.17213809632119678,9.723104518516698e-06,15465.177269345239,0.17213809632119678,0.2702226475590751,0.0037929759294326815,0.0,0.0,0.17213809632119678,nan,0.18409680326779684,1.3872591591193451e-05,16908.16834077381,0.18409680326779684,1.3872591591193451e-05,16908.16834077381,0.18409680326779684,0.29511381472860065,0.0037662888699699017,0.0,0.0,0.18409680326779684
34.0,nan,0.172003027229082,1.061844691970951e-05,15136.72595796131,0.172003027229082,1.061844691970951e-05,15136.72595796131,0.172003027229082,0.2699135910897028,0.0038034155898328337,0.0,0.0,0.172003027229082,nan,0.16389653370493934,8.646525332421464e-06,12958.302920386905,0.16389653370493934,8.646525332421464e-06,12958.302920386905,0.16389653370493934,0.235858243845758,0.003687470419598477,0.0,0.0,0.16389653370493934
35.0,nan,0.1643299481698445,5.820290934501654e-06,10235.265229724702,0.1643299481698445,5.820290934501654e-06,10235.265229724702,0.1643299481698445,0.1863186572279249,0.0037308810500516778,0.0,0.0,0.1643299481698445,nan,0.1712816861413774,6.458890657952343e-06,11675.68959263393,0.1712816861413774,6.458890657952343e-06,11675.68959263393,0.1712816861413774,0.22430202861626944,0.003757175346392961,0.0,0.0,0.1712816861413774
36.0,nan,0.1769512238956633,5.872024184143465e-06,11160.477120535714,0.1769512238956633,5.872024184143465e-06,11160.477120535714,0.1769512238956633,0.2167411364969753,0.0038660201244056225,0.0,0.0,0.1769512238956633,nan,0.16693352233795894,6.079346760435285e-06,13808.483491443452,0.16693352233795894,6.079346760435285e-06,13808.483491443452,0.16693352233795894,0.26366708676020306,0.0037372513186363946,0.0,0.0,0.16693352233795894
37.0,nan,0.16534196549937838,7.619476361599352e-06,13755.374441964286,0.16534196549937838,7.619476361599352e-06,13755.374441964286,0.16534196549937838,0.2503225193137214,0.003708696946324337,0.0,0.0,0.16534196549937838,nan,0.15830451391992115,4.990313300368143e-06,13859.69419642857,0.15830451391992115,4.990313300368143e-06,13859.69419642857,0.15830451391992115,0.2530826372759683,0.0036734819323534056,0.0,0.0,0.15830451391992115
38.0,nan,0.16721497759932563,7.522799911558173e-06,16808.000651041668,0.16721497759932563,7.522799911558173e-06,16808.000651041668,0.16721497759932563,0.3021950125694275,0.0037839779452908608,0.0,0.0,0.16721497759932563,nan,0.18555512030919394,9.397630968860107e-06,20751.333519345237,0.18555512030919394,9.397630968860107e-06,20751.333519345237,0.18555512030919394,0.374123752117157,0.0037718933918291613,0.0,0.0,0.18555512030919394
39.0,nan,0.17572946207863943,7.596991725308942e-06,17736.739583333332,0.17572946207863943,7.596991725308942e-06,17736.739583333332,0.17572946207863943,0.3215397497018178,0.003808902898093774,0.0,0.0,0.17572946207863943,nan,0.18179105718930563,8.956650595965107e-06,15206.32677641369,0.18179105718930563,8.956650595965107e-06,15206.32677641369,0.18179105718930563,0.28487098642757963,0.003809069948537009,0.0,0.0,0.18179105718930563
40.0,nan,0.18101261910938082,1.2501499614223749e-05,19552.329427083332,0.18101261910938082,1.2501499614223749e-05,19552.329427083332,0.18101261910938082,0.3593390839440482,0.0037929240081991467,0.0,0.0,0.18101261910938082,nan,0.23396035035451254,4.02075070485894e-05,34143.03552827381,0.23396035035451254,4.02075070485894e-05,34143.03552827381,0.23396035035451254,0.6415798153196063,0.003942228166297788,0.0,0.0,0.23396035035451254
41.0,nan,0.19147983832018717,2.8214659929896396e-05,25854.31994047619,0.19147983832018717,2.8214659929896396e-05,25854.31994047619,0.19147983832018717,0.47908818579855417,0.003825159056023473,0.0,0.0,0.19147983832018717,nan,0.2003884996686663,4.622135817217419e-05,28932.092447916668,0.2003884996686663,4.622135817217419e-05,28932.092447916668,0.2003884996686663,0.5577764539491563,0.0038648492080115135,0.0,0.0,0.2003884996686663
42.0,nan,0.18462506291412173,2.988371038338214e-05,22800.098214285714,0.18462506291412173,2.988371038338214e-05,22800.098214285714,0.18462506291412173,0.43169480846041725,0.0038561691263956682,0.0,0.0,0.18462506291412173,nan,0.17093650074232192,2.120341135499378e-05,11652.71303013393,0.17093650074232192,2.120341135499378e-05,11652.71303013393,0.17093650074232192,0.20933870758329118,0.0037285248039379006,0.0,0.0,0.17093650074232192
43.0,nan,0.17767204415230525,2.5004749789202053e-05,19438.991350446428,0.17767204415230525,2.5004749789202053e-05,19438.991350446428,0.17767204415230525,0.354171138434183,0.0038175263131658235,0.0,0.0,0.17767204415230525,nan,0.1599065831729344,1.175470610871257e-05,18530.43591889881,0.1599065831729344,1.175470610871257e-05,18530.43591889881,0.1599065831729344,0.35533517882937476,0.003692661212491138,0.0,0.0,0.1599065831729344
44.0,nan,0.18516239736761367,2.7198179027653257e-05,25975.713727678572,0.18516239736761367,2.7198179027653257e-05,25975.713727678572,0.18516239736761367,0.46754357928321477,0.00387786135875753,0.0,0.0,0.18516239736761367,nan,0.1979611118634542,1.7532050714223823e-05,27093.36746651786,0.1979611118634542,1.7532050714223823e-05,27093.36746651786,0.1979611118634542,0.4875068508443378,0.003871302852141006,0.0,0.0,0.1979611118634542
45.0,nan,0.20058680857930863,3.023493714170486e-05,25423.48018973214,0.20058680857930863,3.023493714170486e-05,25423.48018973214,0.20058680857930863,0.4497714950924828,0.00388198776081914,0.0,0.0,0.20058680857930863,nan,0.17937254763784863,1.9155525868492468e-05,25151.186383928572,0.17937254763784863,1.9155525868492468e-05,25151.186383928572,0.17937254763784863,0.45305257893743967,0.0037412807522785095,0.0,0.0,0.17937254763784863
46.0,nan,0.18012794781298863,2.7196757877217826e-05,20785.984933035714,0.18012794781298863,2.7196757877217826e-05,20785.984933035714,0.18012794781298863,0.3648685983249119,0.003815632812412722,0.0,0.0,0.18012794781298863,nan,0.19529390335083008,3.662874674080827e-05,25956.1015625,0.19529390335083008,3.662874674080827e-05,25956.1015625,0.19529390335083008,0.46053887123153325,0.0038217082841410523,0.0,0.0,0.19529390335083008
47.0,nan,0.1908965848741077,3.6104858909744684e-05,23568.46912202381,0.1908965848741077,3.6104858909744684e-05,23568.46912202381,0.1908965848741077,0.4052854137761252,0.0038498981434497096,0.0,0.0,0.1908965848741077,nan,0.1852421760559082,3.5156510074600755e-05,20439.833519345237,0.1852421760559082,3.5156510074600755e-05,20439.833519345237,0.1852421760559082,0.3733624205702827,0.003770469998319944,0.0,0.0,0.1852421760559082
48.0,nan,0.18818888706820353,3.220720923092726e-05,25989.98121279762,0.18818888706820353,3.220720923092726e-05,25989.98121279762,0.18818888706820353,0.45469437326703754,0.0038428915708902337,0.0,0.0,0.18818888706820353,nan,0.2039126469975426,2.1345215178111436e-05,24520.323102678572,0.2039126469975426,2.1345215178111436e-05,24520.323102678572,0.2039126469975426,0.44224181345530916,0.003896376605899561,0.0,0.0,0.2039126469975426
49.0,nan,0.19996356751237596,2.582034548617057e-05,27879.35379464286,0.19996356751237596,2.582034548617057e-05,27879.35379464286,0.19996356751237596,0.4796085740838732,0.003850378938728855,0.0,0.0,0.19996356751237596,nan,0.18287772365978786,2.1592136666489143e-05,31363.187313988095,0.18287772365978786,2.1592136666489143e-05,31363.187313988095,0.18287772365978786,0.5426139178730193,0.0037610510896359172,0.0,0.0,0.18287772365978786
50.0,nan,0.18081551364489964,2.349585498623561e-05,24259.955636160714,0.18081551364489964,2.349585498623561e-05,24259.955636160714,0.18081551364489964,0.43937961970056805,0.003843714150467089,0.0,0.0,0.18081551364489964,nan,0.17247958978017172,1.4120939470428442e-05,13505.789109002977,0.17247958978017172,1.4120939470428442e-05,13505.789109002977,0.17247958978017172,0.24790202719824656,0.00371821140426965,0.0,0.0,0.17247958978017172
51.0,nan,0.17042592735517592,1.5854517511927823e-05,17066.548502604168,0.17042592735517592,1.5854517511927823e-05,17066.548502604168,0.17042592735517592,0.3116282465912047,0.0037941011334104197,0.0,0.0,0.17042592735517592,nan,0.16409499304635183,1.679997426219329e-05,19361.924479166668,0.16409499304635183,1.679997426219329e-05,19361.924479166668,0.16409499304635183,0.3368560104143052,0.0036973848584152405,0.0,0.0,0.16409499304635183
52.0,nan,0.16773848874228342,1.6077204842683084e-05,20005.88904389881,0.16773848874228342,1.6077204842683084e-05,20005.88904389881,0.16773848874228342,0.34796304787908283,0.0037870007522758983,0.0,0.0,0.16773848874228342,nan,0.20194003553617568,2.013593075389508e-05,31398.402808779763,0.20194003553617568,2.013593075389508e-05,31398.402808779763,0.20194003553617568,0.5338464975357056,0.003855678119829723,0.0,0.0,0.20194003553617568
53.0,nan,0.19602679567677633,2.4126991861738222e-05,29631.19140625,0.19602679567677633,2.4126991861738222e-05,29631.19140625,0.19602679567677633,0.5190988764876411,0.003873872537431972,0.0,0.0,0.19602679567677633,nan,0.1812636029152643,2.1708133967227434e-05,33886.16257440476,0.1812636029152643,2.1708133967227434e-05,33886.16257440476,0.1812636029152643,0.6031303263845897,0.0037786585855342095,0.0,0.0,0.1812636029152643
54.0,nan,0.18433502884138198,2.0154187170971583e-05,26669.547340029763,0.18433502884138198,2.0154187170971583e-05,26669.547340029763,0.18433502884138198,0.4763867514474051,0.0038457226362966354,0.0,0.0,0.18433502884138198,nan,0.18539321138745263,1.685535053617232e-05,18675.864118303572,0.18539321138745263,1.685535053617232e-05,18675.864118303572,0.18539321138745263,0.3418193260828654,0.003796964196399564,0.0,0.0,0.18539321138745263
55.0,nan,0.1817915773107892,1.82216725599054e-05,21761.286783854168,0.1817915773107892,1.82216725599054e-05,21761.286783854168,0.1817915773107892,0.4013266847247169,0.0038232578940334775,0.0,0.0,0.1817915773107892,nan,0.17496166626612344,1.1191460890543004e-05,22213.363095238095,0.17496166626612344,1.1191460890543004e-05,22213.363095238095,0.17496166626612344,0.4210278476987566,0.0037476981413506324,0.0,0.0,0.17496166626612344
56.0,nan,0.17782766336486452,1.5844398235674905e-05,19998.473214285714,0.17782766336486452,1.5844398235674905e-05,19998.473214285714,0.17782766336486452,0.3779761961528233,0.003801081595676286,0.0,0.0,0.17782766336486452,nan,0.17524282137552896,8.246942559794878e-06,10357.259579613095,0.17524282137552896,8.246942559794878e-06,10357.259579613095,0.17524282137552896,0.20319213824612753,0.003741853360441469,0.0,0.0,0.17524282137552896
57.0,nan,0.17448182971704573,1.0657252026985156e-05,15111.96791294643,0.17448182971704573,1.0657252026985156e-05,15111.96791294643,0.17448182971704573,0.2752001072679247,0.0037735868910593645,0.0,0.0,0.17448182971704573,nan,0.17153693380809965,1.34885333301056e-05,23015.81956845238,0.17153693380809965,1.34885333301056e-05,23015.81956845238,0.17153693380809965,0.42193982288950965,0.003736543469130993,0.0,0.0,0.17153693380809965
58.0,nan,0.17456539755775816,1.0221295746132022e-05,17431.680617559523,0.17456539755775816,1.0221295746132022e-05,17431.680617559523,0.17456539755775816,0.31307823743138996,0.003754754595103718,0.0,0.0,0.17456539755775816,nan,0.1721190767628806,8.89572241985228e-06,9740.82677641369,0.1721190767628806,8.89572241985228e-06,9740.82677641369,0.1721190767628806,0.17956964671611786,0.003723551585738148,0.0,0.0,0.1721190767628806
59.0,nan,0.17105984687805176,9.330356511955393e-06,14617.036318824405,0.17105984687805176,9.330356511955393e-06,14617.036318824405,0.17105984687805176,0.25896109640598297,0.0037769576135490623,0.0,0.0,0.17105984687805176,nan,0.1655440302122207,9.382130797131963e-06,16807.63244047619,0.1655440302122207,9.382130797131963e-06,16807.63244047619,0.1655440302122207,0.29993252952893573,0.0037143799210233347,0.0,0.0,0.1655440302122207
60.0,nan,0.17391942938168845,9.853196431885452e-06,16147.26134672619,0.17391942938168845,9.853196431885452e-06,16147.26134672619,0.17391942938168845,0.2869521705877213,0.003824515999960048,0.0,0.0,0.17391942938168845,nan,0.17448943853378296,1.0278826396513199e-05,13137.03138950893,0.17448943853378296,1.0278826396513199e-05,13137.03138950893,0.17448943853378296,0.23481811866873786,0.0037595100390414395,0.0,0.0,0.17448943853378296
61.0,nan,0.16992178488345372,8.507052370987367e-06,13061.30626860119,0.16992178488345372,8.507052370987367e-06,13061.30626860119,0.16992178488345372,0.2300405984833127,0.0037968179676681757,0.0,0.0,0.16992178488345372,nan,0.1626859874952407,6.061355612646799e-06,15352.887183779761,0.1626859874952407,6.061355612646799e-06,15352.887183779761,0.1626859874952407,0.2716345261959803,0.003681258209759281,0.0,0.0,0.1626859874952407
62.0,nan,0.16744352948097957,6.311164291955287e-06,13437.7236328125,0.16744352948097957,6.311164291955287e-06,13437.7236328125,0.16744352948097957,0.2358134715330033,0.0037519013331759545,0.0,0.0,0.16744352948097957,nan,0.1830164066382817,1.0032771266802834e-05,14796.859281994048,0.1830164066382817,1.0032771266802834e-05,14796.859281994048,0.1830164066382817,0.2599575434412275,0.00375188235193491,0.0,0.0,0.1830164066382817
63.0,nan,0.17642801396903537,8.886113348472419e-06,14352.51283482143,0.17642801396903537,8.886113348472419e-06,14352.51283482143,0.17642801396903537,0.2522959020875749,0.003653773727516333,0.0,0.0,0.17642801396903537,nan,0.16861637717201597,8.651913958601654e-06,11945.641834077382,0.16861637717201597,8.651913958601654e-06,11945.641834077382,0.16861637717201597,0.19488031239736647,0.003721639247877257,0.0,0.0,0.16861637717201597
64.0,nan,0.15870611440567745,7.188723733027776e-06,10691.387927827382,0.15870611440567745,7.188723733027776e-06,10691.387927827382,0.15870611440567745,0.18643365942296528,0.0037352317788948617,0.0,0.0,0.15870611440567745,nan,0.1789930732477279,1.6943367882049643e-05,13615.338123139882,0.1789930732477279,1.6943367882049643e-05,13615.338123139882,0.1789930732477279,0.24868943932510557,0.003745567851832935,0.0,0.0,0.1789930732477279
65.0,nan,0.17876428223791577,1.9141931954349967e-05,17550.095238095237,0.17876428223791577,1.9141931954349967e-05,17550.095238095237,0.17876428223791577,0.3296562745457604,0.003809920811493482,0.0,0.0,0.17876428223791577,nan,0.2134248912334442,4.5220396887522105e-05,34327.91517857143,0.2134248912334442,4.5220396887522105e-05,34327.91517857143,0.2134248912334442,0.6631646354993185,0.003881806552055336,0.0,0.0,0.2134248912334442
66.0,nan,0.19099746005875723,2.8403449548585785e-05,25164.90987723214,0.19099746005875723,2.8403449548585785e-05,25164.90987723214,0.19099746005875723,0.47385177867753164,0.0038049038876557632,0.0,0.0,0.19099746005875723,nan,0.16354515013240634,1.5194802688797826e-05,15287.995070684523,0.16354515013240634,1.5194802688797826e-05,15287.995070684523,0.16354515013240634,0.278609098423095,0.0036598057264373416,0.0,0.0,0.16354515013240634
67.0,nan,0.1945791414805821,2.9592853977755156e-05,20586.19847470238,0.1945791414805821,2.9592853977755156e-05,20586.19847470238,0.1945791414805821,0.36492231488227844,0.0038373058972259364,0.0,0.0,0.1945791414805821,nan,0.1912605663140615,2.3287406293093227e-05,17600.777901785714,0.1912605663140615,2.3287406293093227e-05,17600.777901785714,0.1912605663140615,0.3026427144096011,0.0038049410407741866,0.0,0.0,0.1912605663140615
68.0,nan,0.19283307308242434,2.6214402082370637e-05,18479.882626488095,0.19283307308242434,2.6214402082370637e-05,18479.882626488095,0.19283307308242434,0.3151748350688389,0.003864071664533445,0.0,0.0,0.19283307308242434,nan,0.17600791936828977,1.657502378380048e-05,17936.69363839286,0.17600791936828977,1.657502378380048e-05,17936.69363839286,0.17600791936828977,0.31630588855062214,0.0037093309330798333,0.0,0.0,0.17600791936828977
69.0,nan,0.185305145524797,2.1948844992688725e-05,17120.29031808036,0.185305145524797,2.1948844992688725e-05,17120.29031808036,0.185305145524797,0.30319687298366,0.003798312485395443,0.0,0.0,0.185305145524797,nan,0.17819055205299741,2.2045031853070084e-05,17205.911923363095,0.17819055205299741,2.2045031853070084e-05,17205.911923363095,0.17819055205299741,0.3138606746991475,0.003709492938859122,0.0,0.0,0.17819055205299741
70.0,nan,0.1752319350129082,2.0156292001567116e-05,17646.33231026786,0.1752319350129082,2.0156292001567116e-05,17646.33231026786,0.1752319350129082,0.31601546491895405,0.0037340738344937563,0.0,0.0,0.1752319350129082,nan,0.1711084899448213,1.5372074856367406e-05,17029.184058779763,0.1711084899448213,1.5372074856367406e-05,17029.184058779763,0.1711084899448213,0.2946458288601467,0.0037075909120695932,0.0,0.0,0.1711084899448213
71.0,nan,0.17488898904550643,1.9946133155220498e-05,18942.749162946428,0.17488898904550643,1.9946133155220498e-05,18942.749162946428,0.17488898904550643,0.3406313530036381,0.00379148240955103,0.0,0.0,0.17488898904550643,nan,0.19165554642677307,4.437711322680116e-05,28265.450520833332,0.19165554642677307,4.437711322680116e-05,28265.450520833332,0.19165554642677307,0.514384286744254,0.0037689129821956158,0.0,0.0,0.19165554642677307
72.0,nan,0.19214900121802375,3.422698726007227e-05,23801.007719494046,0.19214900121802375,3.422698726007227e-05,23801.007719494046,0.19214900121802375,0.43339183784666513,0.003801058257176053,0.0,0.0,0.19214900121802375,nan,0.1878854717527117,1.8166082251506548e-05,15917.054222470239,0.1878854717527117,1.8166082251506548e-05,15917.054222470239,0.1878854717527117,0.27777236700057983,0.0037515442818403244,0.0,0.0,0.1878854717527117
73.0,nan,0.1886421222062338,2.232514088973403e-05,18575.04320126488,0.1886421222062338,2.232514088973403e-05,18575.04320126488,0.1886421222062338,0.33489007751146954,0.003795965031410257,0.0,0.0,0.1886421222062338,nan,0.19186056653658548,2.5587013147915493e-05,20070.359561011905,0.19186056653658548,2.5587013147915493e-05,20070.359561011905,0.19186056653658548,0.3771021380310967,0.0037773470616056805,0.0,0.0,0.19186056653658548
74.0,nan,0.18944784147398813,2.187736182739692e-05,18260.931082589286,0.18944784147398813,2.187736182739692e-05,18260.931082589286,0.18944784147398813,0.33874626812480746,0.003806042063626505,0.0,0.0,0.18944784147398813,nan,0.17798672119776407,1.2082041827116405e-05,13328.87388392857,0.17798672119776407,1.2082041827116405e-05,13328.87388392857,0.17798672119776407,0.24330594355151766,0.0037455966119610126,0.0,0.0,0.17798672119776407
75.0,nan,0.1779819734039761,1.4106460488013303e-05,15243.558919270834,0.1779819734039761,1.4106460488013303e-05,15243.558919270834,0.1779819734039761,0.2851770846616654,0.003778926119030941,0.0,0.0,0.1779819734039761,nan,0.17396105896858943,1.675659855425779e-05,18051.16871279762,0.17396105896858943,1.675659855425779e-05,18051.16871279762,0.17396105896858943,0.34506804176739286,0.0037196503198217777,0.0,0.0,0.17396105896858943
76.0,nan,0.18189901965005056,1.5558717114756637e-05,16379.496372767857,0.18189901965005056,1.5558717114756637e-05,16379.496372767857,0.18189901965005056,0.31329074785822913,0.003789782834549745,0.0,0.0,0.18189901965005056,nan,0.16596697625659762,8.831648431493835e-06,8663.097330729166,0.16596697625659762,8.831648431493835e-06,8663.097330729166,0.16596697625659762,0.1617461152019955,0.0036592245589764346,0.0,0.0,0.16596697625659762
77.0,nan,0.1701120003348305,1.2154824270553599e-05,12366.455403645834,0.1701120003348305,1.2154824270553599e-05,12366.455403645834,0.1701120003348305,0.23329463601112366,0.0037298425366835935,0.0,0.0,0.1701120003348305,nan,0.17907137530190603,1.5888272823108957e-05,17833.26492745536,0.17907137530190603,1.5888272823108957e-05,17833.26492745536,0.17907137530190603,0.34155261232739403,0.0037110471388413792,0.0,0.0,0.17907137530190603
78.0,nan,0.17584848191056932,1.4034937608119522e-05,15236.823474702382,0.17584848191056932,1.4034937608119522e-05,15236.823474702382,0.17584848191056932,0.28854285251526607,0.0037648280683372703,0.0,0.0,0.17584848191056932,nan,0.17419895955494472,1.1545840563831872e-05,15023.673921130952,0.17419895955494472,1.1545840563831872e-05,15023.673921130952,0.17419895955494472,0.2799376483474459,0.0037003829410033567,0.0,0.0,0.17419895955494472
79.0,nan,0.17362290975593386,1.2354989199333691e-05,15606.412760416666,0.17362290975593386,1.2354989199333691e-05,15606.412760416666,0.17362290975593386,0.2944551237991878,0.003741717564740351,0.0,0.0,0.17362290975593386,nan,0.1754101472241538,1.4318013633047008e-05,15971.579148065477,0.1754101472241538,1.4318013633047008e-05,15971.579148065477,0.1754101472241538,0.3013776625905718,0.0037127117892461164,0.0,0.0,0.1754101472241538
80.0,nan,0.18136100754851386,1.5979671583668926e-05,19005.679222470237,0.18136100754851386,1.5979671583668926e-05,19005.679222470237,0.18136100754851386,0.3681447874932062,0.0037070574194547675,0.0,0.0,0.18136100754851386,nan,0.17815406691460384,1.993380101339426e-05,22472.054222470237,0.17815406691460384,1.993380101339426e-05,22472.054222470237,0.17815406691460384,0.4268884914261954,0.00375367124520597,0.0,0.0,0.17815406691460384
81.0,nan,0.17548422373476483,1.6584687338243903e-05,20029.041201636905,0.17548422373476483,1.6584687338243903e-05,20029.041201636905,0.17548422373476483,0.3856045078663599,0.003785105200395698,0.0,0.0,0.17548422373476483,nan,0.17615069377989995,1.064977450802135e-05,17431.351655505954,0.17615069377989995,1.064977450802135e-05,17431.351655505954,0.17615069377989995,0.3512948098636809,0.003718977261866842,0.0,0.0,0.17615069377989995
82.0,nan,0.1736274915082114,1.4008777378919712e-05,19224.29808407738,0.1736274915082114,1.4008777378919712e-05,19224.29808407738,0.1736274915082114,0.3723625058219546,0.003752478997090033,0.0,0.0,0.1736274915082114,nan,0.18352637830234708,2.058309750975154e-05,26147.658017113095,0.18352637830234708,2.058309750975154e-05,26147.658017113095,0.18352637830234708,0.49394436393465313,0.003729522161717926,0.0,0.0,0.18352637830234708
83.0,nan,0.17660342724550337,1.6171736639253575e-05,22577.983444940477,0.17660342724550337,1.6171736639253575e-05,22577.983444940477,0.17660342724550337,0.43209731862658546,0.0037855387310541814,0.0,0.0,0.17660342724550337,nan,0.17146553028197514,1.479939800490337e-05,19199.600725446428,0.17146553028197514,1.479939800490337e-05,19199.600725446428,0.17146553028197514,0.3663623985790071,0.003667478161376147,0.0,0.0,0.17146553028197514
84.0,nan,0.1769525408744812,1.61714574676894e-05,21915.919735863095,0.1769525408744812,1.61714574676894e-05,21915.919735863095,0.1769525408744812,0.4158284068107605,0.0036517310155821697,0.0,0.0,0.1769525408744812,nan,0.17091078843389237,1.4198769955934646e-05,20123.17736235119,0.17091078843389237,1.4198769955934646e-05,20123.17736235119,0.17091078843389237,0.3663756705465771,0.0037015529260748907,0.0,0.0,0.17091078843389237
85.0,nan,0.16892975568771362,1.1970221792234086e-05,19181.373046875,0.16892975568771362,1.1970221792234086e-05,19181.373046875,0.16892975568771362,0.3491194801671164,0.0036563253739760036,0.0,0.0,0.16892975568771362,nan,0.16344237185659863,6.584401078379458e-06,16641.269066220237,0.16344237185659863,6.584401078379458e-06,16641.269066220237,0.16344237185659863,0.3222595580986568,0.0036721627361008097,0.0,0.0,0.16344237185659863
86.0,nan,0.1724724741209121,1.1435658269051818e-05,19844.810732886905,0.1724724741209121,1.1435658269051818e-05,19844.810732886905,0.1724724741209121,0.37053211955797105,0.0037773646458628633,0.0,0.0,0.1724724741209121,nan,0.16570059742246354,9.625573944677377e-06,18123.58435639881,0.16570059742246354,9.625573944677377e-06,18123.58435639881,0.16570059742246354,0.33061930253392174,0.0036781329351166883,0.0,0.0,0.16570059742246354
87.0,nan,0.16695444143953778,9.607622511490868e-06,18676.688523065477,0.16695444143953778,9.607622511490868e-06,18676.688523065477,0.16695444143953778,0.3487510837259747,0.003754630219191313,0.0,0.0,0.16695444143953778,nan,0.16663266647429692,1.2918022332000656e-05,20404.807756696428,0.16663266647429692,1.2918022332000656e-05,20404.807756696428,0.16663266647429692,0.386346100341706,0.003672113021214803,0.0,0.0,0.16663266647429692
88.0,nan,0.168104506674267,1.2838316208563766e-05,21666.18787202381,0.168104506674267,1.2838316208563766e-05,21666.18787202381,0.168104506674267,0.41138487344696406,0.0036997368137928702,0.0,0.0,0.168104506674267,nan,0.1721702842485337,1.3825091541331771e-05,23313.12816220238,0.1721702842485337,1.3825091541331771e-05,23313.12816220238,0.1721702842485337,0.42152501004082815,0.0036898061544412657,0.0,0.0,0.1721702842485337
89.0,nan,0.17114077721323287,1.4281953467399858e-05,23737.247116815477,0.17114077721323287,1.4281953467399858e-05,23737.247116815477,0.17114077721323287,0.4351651498249599,0.0037249313844811348,0.0,0.0,0.17114077721323287,nan,0.17148436393056596,1.4794428958945597e-05,24926.174386160714,0.17148436393056596,1.4794428958945597e-05,24926.174386160714,0.17148436393056596,0.479280207838331,0.0036816796553986414,0.0,0.0,0.17148436393056596
90.0,nan,0.17006999821889968,1.4009652312822818e-05,23941.639787946428,0.17006999821889968,1.4009652312822818e-05,23941.639787946428,0.17006999821889968,0.44184047551382155,0.0037486936364855084,0.0,0.0,0.17006999821889968,nan,0.17213067696208045,1.3647916429839651e-05,26636.393973214286,0.17213067696208045,1.3647916429839651e-05,26636.393973214286,0.17213067696208045,0.4746062003430866,0.0036857901362790948,0.0,0.0,0.17213067696208045
91.0,nan,0.1691160248149009,1.3043891591396892e-05,24432.47302827381,0.1691160248149009,1.3043891591396892e-05,24432.47302827381,0.1691160248149009,0.44636512370336623,0.003648841775776375,0.0,0.0,0.1691160248149009,nan,0.16606990922065007,1.4453492093750919e-05,23468.237258184523,0.16606990922065007,1.4453492093750919e-05,23468.237258184523,0.16606990922065007,0.43019855732009527,0.003671536732110239,0.0,0.0,0.16606990922065007
92.0,nan,0.16872221444334304,1.390534665309436e-05,25138.63058035714,0.16872221444334304,1.390534665309436e-05,25138.63058035714,0.16872221444334304,0.45845056715465726,0.0037506528065672944,0.0,0.0,0.16872221444334304,nan,0.16903440015656607,1.3079008827584662e-05,23859.30822172619,0.16903440015656607,1.3079008827584662e-05,23859.30822172619,0.16903440015656607,0.41993374342010137,0.0036877431418924104,0.0,0.0,0.16903440015656607
93.0,nan,0.16807017723719278,1.3960111703324532e-05,24677.96521577381,0.16807017723719278,1.3960111703324532e-05,24677.96521577381,0.16807017723719278,0.4425243848846072,0.003740638051004637,0.0,0.0,0.16807017723719278,nan,0.16716317335764566,1.4541114242525682e-05,25596.183128720237,0.16716317335764566,1.4541114242525682e-05,25596.183128720237,0.16716317335764566,0.48075837464559645,0.0036666137388064748,0.0,0.0,0.16716317335764566
94.0,nan,0.16754448591243654,1.4611087646612542e-05,24737.28394717262,0.16754448591243654,1.4611087646612542e-05,24737.28394717262,0.16754448591243654,0.45604361097017926,0.003681834576474059,0.0,0.0,0.16754448591243654,nan,0.16963633327257066,1.5077166262060582e-05,27563.288504464286,0.16963633327257066,1.5077166262060582e-05,27563.288504464286,0.16963633327257066,0.49760068030584426,0.0036732556874908154,0.0,0.0,0.16963633327257066
95.0,nan,0.16750122961543856,1.49333482113434e-05,25846.393508184523,0.16750122961543856,1.49333482113434e-05,25846.393508184523,0.16750122961543856,0.47652147923197063,0.0037149452449133,0.0,0.0,0.16750122961543856,nan,0.16612504919370016,1.677237196417991e-05,24597.397135416668,0.16612504919370016,1.677237196417991e-05,24597.397135416668,0.16612504919370016,0.45330454621996197,0.003664428678651651,0.0,0.0,0.16612504919370016
96.0,nan,0.168672590028672,1.689550827861586e-05,27103.815383184523,0.168672590028672,1.689550827861586e-05,27103.815383184523,0.168672590028672,0.4986993528547741,0.003713725312125115,0.0,0.0,0.168672590028672,nan,0.17034732018198287,1.6245166556299885e-05,26670.069754464286,0.17034732018198287,1.6245166556299885e-05,26670.069754464286,0.17034732018198287,0.48395195461454843,0.0036959579613591942,0.0,0.0,0.17034732018198287
97.0,nan,0.1687891639414288,1.6224601668433197e-05,26315.737630208332,0.1687891639414288,1.6224601668433197e-05,26315.737630208332,0.1687891639414288,0.48260481300808133,0.0036773698271385263,0.0,0.0,0.1687891639414288,nan,0.16561267915226163,1.3571397695549032e-05,23925.849051339286,0.16561267915226163,1.3571397695549032e-05,23925.849051339286,0.16561267915226163,0.4550531052407764,0.0036757346686153184,0.0,0.0,0.16561267915226163
98.0,nan,0.166061289253689,1.4237953802789672e-05,24121.225539434523,0.166061289253689,1.4237953802789672e-05,24121.225539434523,0.166061289253689,0.4479396414189112,0.0036259510864814124,0.0,0.0,0.166061289253689,nan,0.17262244934127444,1.639522057909441e-05,28748.742001488095,0.17262244934127444,1.639522057909441e-05,28748.742001488095,0.17262244934127444,0.5319141376586187,0.0037030820025219804,0.0,0.0,0.17262244934127444
99.0,nan,0.16858299289430892,1.4850989308407797e-05,25784.84793526786,0.16858299289430892,1.4850989308407797e-05,25784.84793526786,0.16858299289430892,0.4825903844265711,0.003731105033130873,0.0,0.0,0.16858299289430892,nan,0.16392279948507035,1.4695740295186019e-05,22794.037202380954,0.16392279948507035,1.4695740295186019e-05,22794.037202380954,0.16392279948507035,0.4211714579945519,0.0036643757484853268,0.0,0.0,0.16392279948507035
100.0,nan,0.16362137170065016,1.324507944186085e-05,23408.505208333332,0.16362137170065016,1.324507944186085e-05,23408.505208333332,0.16362137170065016,0.4348018013295673,0.003685093052419169,0.0,0.0,0.16362137170065016,nan,0.17571462052209036,1.877296251352943e-05,27244.042782738095,0.17571462052209036,1.877296251352943e-05,27244.042782738095,0.17571462052209036,0.506688342207954,0.00370122789449635,0.0,0.0,0.17571462052209036
