-0.00078457466,-0.0007841645,-0.00078293204,-0.0007808707,-0.00077796995,-0.0007742153,-0.0007695882,-0.00076406705,-0.0007576266,-0.00075023924,-0.0007418749,-0.00073250156,-0.0007220862,-0.0007105948,-0.0006979934,-0.0006842484,-0.00066932733,-0.00065319974,-0.00063583726,-0.00061721465,-0.0005973104,-0.0005761073,-0.00055359286,-0.00052976026,-0.0005046084,-0.00047814264,-0.00045037514,-0.00042132527,-0.0003910201,-0.0003594941,-0.0003267898,-0.00029295788,-0.0002580569,-0.00022215344,-0.000185322,-0.00014764501,-0.00010921195,-7.011954e-05,-3.0471361e-05,9.623269e-06,5.004884e-05,9.068524e-05,0.00013140764,0.00017208845,0.00021259606,0.00025279747,0.0002925589,0.00033174534,0.0003702234,0.00040786064,0.00044452728,0.000480097,0.00051444746,0.0005474624,0.0005790308,0.0006090488,0.00063742045,0.0006640584,0.0006888842,0.0007118293,0.0007328361,0.00075185683,0.00076885626,0.00078381004,0.0007967062,0.0008075444,0.0008163372,0.00082310865,0.00082789524,0.0008307453,0.0008317187,0.00083088636,0.0008283301,0.0008241421,0.00081842364,0.00081128505,0.0008028448,0.0007932285,0.0007825679,0.00077100005,0.0007586666,0.00074571214,0.0007322839,0.00071852957,0.00070459733,0.00069063384,0.0006767841,0.0006631892,0.00064998626,0.0006373065,0.0006252751,0.00061400956,0.0006036196,0.0005942052,0.00058585685,0.000578654,0.0005726654,0.00056794786,0.000564546,0.00056249194,0.0005618051
-0.0007794632,-0.0007790639,-0.0007778637,-0.000775856,-0.00077303004,-0.00076937076,-0.00076485926,-0.00075947307,-0.0007531865,-0.000745971,-0.00073779555,-0.0007286272,-0.0007184318,-0.0007071743,-0.0006948194,-0.00068133237,-0.0006666794,-0.00065082876,-0.0006337505,-0.00061541836,-0.0005958092,-0.00057490455,-0.0005526904,-0.0005291589,-0.00050430745,-0.0004781402,-0.0004506681,-0.00042190932,-0.00039188986,-0.00036064314,-0.00032821082,-0.00029464267,-0.00025999648,-0.00022433812,-0.00018774146,-0.00015028854,-0.000112068316,-7.31773e-05,-3.3718767e-05,6.1979517e-06,4.6457513e-05,8.693963e-05,0.00012751934,0.00016806884,0.00020845613,0.00024854785,0.00028820973,0.00032730622,0.00036570334,0.000403268,0.00043986982,0.00047538156,0.0005096803,0.00054264895,0.00057417573,0.000604156,0.000632493,0.00065909856,0.00068389357,0.0007068088,0.0007277858,0.00074677635,0.00076374435,0.0007786652,0.00079152605,0.0008023264,0.00081107835,0.0008178057,0.0008225447,0.0008253432,0.00082626124,0.0008253696,0.00082275027,0.0008184953,0.0008127063,0.0008054938,0.0007969765,0.00078728027,0.00077653734,0.0007648852,0.00075246615,0.0007394251,0.00072590966,0.0007120684,0.0006980499,0.00068400154,0.00067006884,0.0006563936,0.0006431135,0.0006303602,0.00061825954,0.00060692965,0.0005964807,0.00058701297,0.00057861744,0.00057137414,0.000565352,0.000560608,0.00055718713,0.0005551216,0.0005544309
-0.00076429185,-0.0007639247,-0.0007628209,-0.0007609731,-0.0007583698,-0.0007549948,-0.0007508276,-0.00074584386,-0.00074001576,-0.0007333123,-0.0007256998,-0.00071714225,-0.0007076024,-0.0006970418,-0.0006854216,-0.00067270314,-0.0006588489,-0.00064382324,-0.0006275922,-0.0006101252,-0.00059139525,-0.0005713796,-0.0005500605,-0.0005274258,-0.00050346914,-0.00047819092,-0.0004515985,-0.00042370657,-0.0003945378,-0.00036412277,-0.0003325001,-0.000299717,-0.0002658291,-0.00023089998,-0.000195002,-0.00015821544,-0.00012062822,-8.233584e-05,-4.3441018e-05,-4.052621e-06,3.5713863e-05,7.573815e-05,0.00011589464,0.00015605483,0.00019608584,0.00023585299,0.0002752206,0.00031405163,0.00035221022,0.0003895614,0.0004259727,0.00046131486,0.00049546256,0.0005282965,0.0005597026,0.00058957376,0.000617811,0.0006443237,0.0006690307,0.00069186056,0.0007127527,0.0007316569,0.0007485354,0.0007633617,0.0007761217,0.00078681344,0.00079544785,0.0008020477,0.00080664863,0.0008092979,0.0008100552,0.00080899126,0.00080618786,0.0008017375,0.00079574226,0.00078831334,0.00077957025,0.00076963997,0.0007586556,0.0007467562,0.00073408516,0.00072078925,0.0007070177,0.0006929205,0.00067864824,0.00066434994,0.00065017294,0.00063626084,0.00062275305,0.0006097831,0.00059747836,0.0005859585,0.00057533523,0.0005657103,0.0005571759,0.00054981303,0.0005436918,0.0005388698,0.00053539284,0.00053329347,0.0005325914
-0.0007395437,-0.00073922944,-0.00073828397,-0.00073669926,-0.00073446217,-0.0007315547,-0.0007279536,-0.0007236318,-0.0007185577,-0.0007126963,-0.00070600957,-0.0006984564,-0.00068999454,-0.0006805798,-0.00067016744,-0.0006587128,-0.00064617186,-0.0006325024,-0.00061766384,-0.00060161913,-0.0005843342,-0.00056577974,-0.00054593134,-0.0005247702,-0.0005022836,-0.00047846592,-0.00045331838,-0.00042684993,-0.00039907804,-0.00037002814,-0.00033973425,-0.0003082393,-0.00027559506,-0.00024186178,-0.0002071088,-0.000171414,-0.00013486325,-9.755054e-05,-5.957755e-05,-2.1052605e-05,1.7908984e-05,5.7186495e-05,9.665362e-05,0.0001361806,0.00017563293,0.00021487403,0.00025376584,0.00029216873,0.0003299439,0.0003669532,0.0004030608,0.0004381339,0.00047204352,0.00050466653,0.00053588493,0.000565588,0.0005936727,0.00062004465,0.0006446191,0.0006673208,0.000688086,0.00070686114,0.0007236054,0.00073828956,0.00075089704,0.0007614236,0.0007698783,0.0007762823,0.00078066986,0.0007830875,0.0007835941,0.0007822602,0.0007791678,0.0007744098,0.00076808885,0.0007603172,0.00075121573,0.00074091303,0.0007295442,0.0007172502,0.00070417696,0.0006904735,0.00067629176,0.0006617845,0.00064710516,0.0006324056,0.00061783614,0.0006035433,0.00058966933,0.0005763506,0.0005637172,0.00055189145,0.0005409875,0.00053110917,0.0005223508,0.0005147953,0.0005085142,0.0005035665,0.000499999,0.000497845,0.00049712474
-0.0007060055,-0.00070576376,-0.0007050357,-0.0007038119,-0.0007020774,-0.0006998114,-0.00069698726,-0.0006935736,-0.0006895341,-0.00068482803,-0.00067941134,-0.0006732363,-0.0006662534,-0.00065841054,-0.000649655,-0.00063993374,-0.000629194,-0.00061738456,-0.00060445565,-0.00059036084,-0.0005750571,-0.0005585057,-0.0005406729,-0.0005215312,-0.00050105894,-0.00047924177,-0.00045607297,-0.00043155364,-0.00040569378,-0.0003785118,-0.0003500354,-0.00032030174,-0.0002893571,-0.00025725726,-0.00022406728,-0.00018986178,-0.00015472379,-0.00011874526,-8.202638e-05,-4.467473e-05,-6.8053196e-06,3.1460484e-05,6.999544e-05,0.00010866804,0.00014734166,0.00018587703,0.00022413279,0.0002619658,0.00029923324,0.0003357926,0.0003715034,0.00040622795,0.00043983225,0.00047218788,0.00050317164,0.0005326674,0.0005605668,0.00058677036,0.000611188,0.00063373987,0.000654357,0.0006729817,0.00068956893,0.00070408557,0.0007165115,0.0007268395,0.00073507574,0.00074123935,0.00074536266,0.0007474909,0.00074768206,0.00074600626,0.0007425455,0.0007373932,0.00073065306,0.0007224385,0.00071287237,0.0007020852,0.0006902147,0.0006774047,0.000663804,0.0006495652,0.00063484366,0.000619796,0.0006045792,0.0005893494,0.0005742607,0.00055946363,0.0005451043,0.00053132296,0.0005182533,0.00050602114,0.00049474393,0.00048452872,0.00047547248,0.00046766057,0.0004611667,0.00045605164,0.0004523635,0.00045013675,0.0004493922
-0.00066474057,-0.00066458975,-0.00066413375,-0.00066336174,-0.00066225644,-0.00066079333,-0.00065894163,-0.0006566647,-0.00065391994,-0.0006506599,-0.00064683263,-0.0006423821,-0.0006372497,-0.00063137355,-0.000624691,-0.0006171382,-0.0006086515,-0.00059916824,-0.0005886275,-0.00057697087,-0.0005641438,-0.000550096,-0.0005347821,-0.00051816343,-0.0005002071,-0.0004808882,-0.0004601895,-0.0004381024,-0.00041462755,-0.00038977462,-0.00036356336,-0.00033602334,-0.0003071943,-0.00027712603,-0.00024587862,-0.0002135222,-0.0001801365,-0.00014581064,-0.00011064304,-7.474024e-05,-3.8217055e-05,-1.1953234e-06,3.6196318e-05,7.3824296e-05,0.00011154928,0.00014922857,0.00018671693,0.0002238666,0.00026052975,0.0002965585,0.00033180646,0.00036612977,0.00039938814,0.0004314466,0.00046217523,0.0004914512,0.0005191595,0.000545194,0.00056945824,0.0005918659,0.0006123423,0.000630824,0.0006472605,0.0006616139,0.00067385955,0.00068398635,0.000691997,0.00069790764,0.0007017484,0.0007035626,0.000703407,0.0007013512,0.000697477,0.0006918785,0.00068466034,0.0006759376,0.0006658353,0.0006544864,0.0006420318,0.0006286184,0.0006143992,0.0005995305,0.0005841724,0.0005684856,0.00055263226,0.000536773,0.0005210669,0.0005056693,0.0004907312,0.00047639746,0.00046280643,0.00045008824,0.00043836422,0.0004277454,0.000418332,0.00041021258,0.00040346343,0.00039814753,0.00039431467,0.00039200054,0.0003912268
-0.00061705295,-0.00061700953,-0.00061687507,-0.000616637,-0.0006162751,-0.0006157609,-0.00061505835,-0.0006141246,-0.00061290973,-0.0006113582,-0.00060940883,-0.00060699554,-0.00060404895,-0.00060049596,-0.0005962616,-0.00059126946,-0.00058544293,-0.0005787059,-0.0005709838,-0.00056220463,-0.0005522998,-0.00054120517,-0.00052886194,-0.00051521766,-0.00050022657,-0.00048385086,-0.00046606117,-0.0004468371,-0.0004261682,-0.00040405392,-0.00038050427,-0.00035554005,-0.00032919314,-0.00030150622,-0.00027253327,-0.0002423393,-0.00021099982,-0.00017860078,-0.00014523839,-0.00011101784,-7.605381e-05,-4.046873e-05,-4.3927284e-06,3.2038253e-05,6.868158e-05,0.00010539063,0.00014201546,0.00017840287,0.00021439916,0.00024984995,0.00028460193,0.00031850406,0.00035140835,0.00038317204,0.0004136574,0.00044273344,0.00047027727,0.00049617497,0.0005203221,0.0005426251,0.00056300196,0.00058138254,0.00059770985,0.00061194017,0.00062404334,0.00063400355,0.0006418192,0.00064750307,0.00065108197,0.0006525972,0.00065210403,0.00064967095,0.00064537977,0.0006393247,0.0006316118,0.0006223578,0.0006116899,0.0005997441,0.0005866645,0.00057260215,0.000557714,0.0005421614,0.000526109,0.0005097231,0.00049317104,0.00047661908,0.00046023194,0.00044417058,0.00042859148,0.000413645,0.0003994747,0.00038621572,0.0003739942,0.00036292538,0.00035311357,0.0003446508,0.00033761645,0.00033207602,0.0003280813,0.0003256695,0.0003248631
-0.00056444213,-0.0005645206,-0.000564751,-0.0005651189,-0.0005656007,-0.00056616316,-0.0005667646,-0.00056735484,-0.00056787586,-0.0005682626,-0.00056844344,-0.00056834106,-0.00056787365,-0.0005669552,-0.00056549674,-0.0005634077,-0.00056059647,-0.0005569719,-0.0005524435,-0.00054692384,-0.0005403284,-0.0005325774,-0.0005235963,-0.00051331724,-0.00050167966,-0.0004886311,-0.000474128,-0.00045813693,-0.00044063455,-0.00042160857,-0.00040105783,-0.00037899328,-0.00035543757,-0.0003304254,-0.0003040036,-0.00027623144,-0.00024717947,-0.00021693003,-0.00018557666,-0.00015322326,-0.00011998393,-8.598184e-05,-5.1348863e-05,-1.6223668e-05,1.9247498e-05,5.491356e-05,9.061911e-05,0.00012620496,0.00016151063,0.00019637428,0.00023063485,0.0002641329,0.00029671175,0.00032821984,0.00035851024,0.00038744288,0.00041488576,0.00044071567,0.0004648196,0.00048709512,0.0005074521,0.0005258124,0.0005421117,0.0005562993,0.00056833896,0.000578209,0.00058590295,0.0005914292,0.0005948113,0.00059608754,0.00059531117,0.0005925496,0.0005878841,0.0005814092,0.00057323196,0.0005634708,0.0005522553,0.00053972466,0.0005260264,0.0005113159,0.00049575476,0.0004795092,0.0004627495,0.00044564766,0.0004283769,0.00041110965,0.00039401677,0.00037726545,0.00036101832,0.00034543168,0.000330655,0.00031682884,0.00030408468,0.0002925425,0.0002823111,0.0002734864,0.00026615115,0.0002603737,0.0002562081,0.0002536931,0.00025285216
-0.0005085524,-0.0005087649,-0.0005093968,-0.00051043136,-0.00051184127,-0.00051358825,-0.00051562407,-0.0005178907,-0.0005203209,-0.00052283925,-0.00052536273,-0.00052780117,-0.00053005945,-0.0005320368,-0.0005336293,-0.0005347304,-0.00053523184,-0.0005350257,-0.00053400436,-0.0005320628,-0.00052909914,-0.0005250161,-0.00051972177,-0.0005131315,-0.00050516776,-0.0004957621,-0.00048485555,-0.00047239964,-0.00045835716,-0.00044270244,-0.0004254224,-0.00040651648,-0.00038599735,-0.00036389075,-0.00034023583,-0.00031508488,-0.00028850348,-0.0002605695,-0.0002313738,-0.00020101843,-0.00016961708,-0.00013729367,-0.0001041818,-7.042319e-05,-3.6168058e-05,-1.5724072e-06,3.320242e-05,6.799061e-05,0.00010262408,0.00013693294,0.00017074734,0.00020389864,0.00023622063,0.00026755172,0.00029773495,0.00032662004,0.00035406474,0.0003799358,0.00040411024,0.00042647598,0.00044693358,0.00046539598,0.0004817906,0.00049605896,0.00050815754,0.00051805825,0.000525749,0.00053123315,0.00053453,0.0005356748,0.00053471804,0.0005317257,0.0005267781,0.00051996985,0.00051140884,0.0005012151,0.00048952055,0.00047646745,0.00046220704,0.00044689892,0.0004307096,0.0004138106,0.00039637787,0.00037858944,0.00036062486,0.000342663,0.00032488126,0.00030745348,0.00029054878,0.00027432985,0.00025895244,0.00024456292,0.00023129849,0.00021928418,0.00020863359,0.00019944676,0.00019181013,0.0001857951,0.000181458,0.00017883946,0.00017796388
-0.00045111653,-0.00045147285,-0.0004525355,-0.00045428524,-0.00045669082,-0.00045970854,-0.00046328292,-0.00046734762,-0.0004718255,-0.00047662985,-0.00048166513,-0.00048682775,-0.00049200765,-0.0004970887,-0.00050195033,-0.0005064688,-0.00051051826,-0.0005139723,-0.00051670487,-0.00051859196,-0.00051951286,-0.0005193512,-0.0005179968,-0.00051534607,-0.0005113038,-0.00050578406,-0.0004987109,-0.0004900198,-0.0004796584,-0.00046758677,-0.00045377848,-0.00043822086,-0.00042091566,-0.00040187876,-0.0003811407,-0.0003587468,-0.0003347566,-0.00030924354,-0.00028229508,-0.00025401154,-0.00022450596,-0.00019390298,-0.00016233814,-0.0001299563,-9.69119e-05,-6.33663e-05,-2.9487186e-05,4.5523775e-06,3.8576298e-05,7.240587e-05,0.000105861756,0.00013876539,0.0001709401,0.00020221354,0.00023241783,0.00026139154,0.0002889813,0.0003150428,0.00033944222,0.00036205695,0.00038277725,0.00040150632,0.00041816232,0.00043267815,0.0004450024,0.0004550997,0.00046295152,0.00046855555,0.00047192638,0.00047309525,0.0004721098,0.00046903375,0.0004639463,0.00045694166,0.0004481283,0.0004376276,0.0004255736,0.00041211155,0.00039739622,0.0003815915,0.00036486876,0.00034740483,0.00032938144,0.00031098278,0.0002923948,0.00027380307,0.00025539164,0.00023734126,0.00021982769,0.0002030203,0.0001870812,0.000172163,0.00015840854,0.00014594838,0.0001349009,0.00012537057,0.00011744759,0.00011120648,0.00010670614,0.00010398889,0.00010308028
-0.00039389718,-0.0003944046,-0.00039591957,-0.00039842044,-0.0004018717,-0.00040622376,-0.00041141373,-0.00041736627,-0.00042399377,-0.00043119764,-0.00043886917,-0.0004468903,-0.00045513548,-0.00046347204,-0.00047176197,-0.0004798633,-0.00048763125,-0.0004949202,-0.0005015842,-0.0005074794,-0.00051246514,-0.0005164048,-0.0005191684,-0.00052063295,-0.00052068394,-0.000519217,-0.0005161383,-0.00051136635,-0.00050483237,-0.00049648137,-0.00048627288,-0.00047418126,-0.00046019646,-0.000444324,-0.00042658535,-0.00040701817,-0.00038567558,-0.00036262616,-0.00033795394,-0.00031175715,-0.0002841481,-0.00025525212,-0.00022520681,-0.00019416021,-0.00016227127,-0.00012970694,-9.664159e-05,-6.3255895e-05,-2.973454e-05,3.734487e-06,3.696182e-05,6.975825e-05,0.00010193607,0.00013331148,0.00016370486,0.0001929429,0.00022086038,0.00024730113,0.00027211962,0.0002951819,0.00031636722,0.00033556818,0.00035269296,0.00036766502,0.0003804242,0.0003909273,0.00039914847,0.00040507922,0.00040872867,0.00041012358,0.000409308,0.000406343,0.00040130605,0.0003942907,0.00038540538,0.0003747726,0.00036252814,0.00034881989,0.00033380603,0.0003176545,0.00030054126,0.00028264837,0.0002641633,0.00024527626,0.00022617956,0.00020706534,0.0001881245,0.00016954445,0.00015150788,0.00013419072,0.00011776149,0.00010237908,8.819217e-05,7.533669e-05,6.393605e-05,5.409913e-05,4.5919907e-05,3.9476115e-05,3.4829136e-05,3.2023207e-05,3.10849e-05
-0.0003386269,-0.00033929004,-0.0003412713,-0.00034454637,-0.00034907536,-0.00035480267,-0.00036165759,-0.0003695554,-0.0003783976,-0.0003880733,-0.00039846008,-0.0004094247,-0.0004208256,-0.00043251284,-0.00044433016,-0.0004561168,-0.00046770828,-0.00047893877,-0.0004896418,-0.0004996528,-0.00050881,-0.00051695615,-0.0005239404,-0.00052961946,-0.0005338589,-0.00053653494,-0.0005375351,-0.00053676014,-0.00053412426,-0.00052955665,-0.0005230022,-0.00051442155,-0.0005037924,-0.0004911095,-0.00047638477,-0.0004596475,-0.00044094445,-0.0004203389,-0.0003979112,-0.00037375733,-0.00034798888,-0.00032073178,-0.0002921255,-0.00026232167,-0.00023148372,-0.00019978438,-0.00016740497,-0.00013453412,-0.000101365375,-6.809649e-05,-3.492725e-05,-2.05799e-06,3.0312007e-05,6.1986895e-05,9.277481e-05,0.00012248992,0.00015095447,0.0001779998,0.0002034681,0.00022721327,0.0002491029,0.00026901826,0.0002868569,0.00030253208,0.00031597438,0.0003271318,0.00033597078,0.00034247583,0.00034665002,0.00034851502,0.00034811063,0.00034549477,0.00034074267,0.0003339465,0.00032521435,0.00031466928,0.00030244843,0.0002887019,0.00027359085,0.00025728688,0.00023997031,0.00022182809,0.00020305307,0.00018384124,0.00016439112,0.00014490122,0.00012556894,0.000106588384,8.814881e-05,7.043267e-05,5.3614902e-05,3.7860416e-05,2.3323752e-05,1.0146061e-05,-1.5443075e-06,-1.1634082e-05,-2.0025502e-05,-2.6637688e-05,-3.140676e-05,-3.428667e-05,-3.5249774e-05
-0.0002869498,-0.0002877708,-0.00029022462,-0.00029428434,-0.0002999056,-0.00030702644,-0.00031556832,-0.00032543688,-0.00033652247,-0.0003487015,-0.00036183745,-0.0003757819,-0.00039037643,-0.0004054535,-0.00042083842,-0.00043635076,-0.000451806,-0.00046701764,-0.00048179814,-0.0004959615,-0.00050932454,-0.0005217086,-0.0005329416,-0.00054285926,-0.0005513066,-0.0005581401,-0.0005632281,-0.00056645286,-0.0005677113,-0.0005669163,-0.00056399754,-0.00055890164,-0.0005515937,-0.00054205715,-0.000530294,-0.00051632535,-0.0005001909,-0.00048194858,-0.00046167485,-0.0004394633,-0.00041542473,-0.0003896856,-0.00036238745,-0.0003336852,-0.00030374705,-0.00027275155,-0.00024088721,-0.00020835071,-0.0001753448,-0.00014207719,-0.00010875848,-7.5600394e-05,-4.281424e-05,-1.0608271e-05,2.0812919e-05,5.1250514e-05,8.0513775e-05,0.00010842098,0.0001348015,0.00015949657,0.00018236149,0.00020326569,0.00022209539,0.00023875319,0.0002531596,0.0002652534,0.00027499255,0.000282354,0.00028733417,0.00028994892,0.0002902333,0.00028824148,0.00028404576,0.00027773634,0.00026942062,0.0002592213,0.0002472766,0.00023373819,0.00021876974,0.000202546,0.00018525118,0.00016707662,0.00014822019,0.00012888326,0.00010927001,8.958511e-05,7.003205e-05,5.08113e-05,3.2118434e-05,1.4142075e-05,-2.936693e-06,-1.8947117e-05,-3.3729157e-05,-4.713642e-05,-5.903587e-05,-6.9310045e-05,-7.785749e-05,-8.459424e-05,-8.9454086e-05,-9.238915e-05,-9.3370734e-05
-0.00024036647,-0.00024134495,-0.00024427037,-0.00024911307,-0.00025582404,-0.00026433513,-0.00027455972,-0.00028639377,-0.0002997164,-0.0003143911,-0.00033026718,-0.00034718052,-0.0003649562,-0.0003834086,-0.00040234425,-0.0004215631,-0.00044086017,-0.00046002807,-0.00047885795,-0.00049714214,-0.00051467575,-0.00053125847,-0.0005466966,-0.00056080474,-0.0005734071,-0.00058434,-0.0005934523,-0.0006006077,-0.0006056856,-0.0006085821,-0.00060921133,-0.00060750596,-0.0006034183,-0.0005969199,-0.00058800314,-0.0005766803,-0.00056298415,-0.0005469669,-0.00052870135,-0.00050827843,-0.00048580804,-0.00046141716,-0.0004352493,-0.00040746285,-0.0003782306,-0.00034773716,-0.00031617822,-0.0002837586,-0.00025069047,-0.00021719158,-0.00018348359,-0.00014978983,-0.00011633388,-8.3336665e-05,-5.1015828e-05,-1.9583473e-05,1.0756274e-05,3.980827e-05,6.738867e-05,9.332561e-05,0.00011746163,0.00013965389,0.00015977673,0.00017772157,0.00019339834,0.00020673605,0.00021768367,0.00022620992,0.00023230398,0.0002359754,0.00023725377,0.00023618889,0.00023284955,0.00022732353,0.00021971647,0.00021015064,0.0001987643,0.00018571026,0.0001711541,0.00015527301,0.0001382546,0.00012029408,0.000101593585,8.2359475e-05,6.280106e-05,4.3128588e-05,2.3551256e-05,4.2752945e-06,-1.4497724e-05,-3.2573415e-05,-4.976499e-05,-6.5896165e-05,-8.080169e-05,-9.4330346e-05,-0.00010634452,-0.00011672289,-0.00012536047,-0.0001321704,-0.00013708418,-0.00014005227,-0.00014104499
-0.00020018368,-0.00020131705,-0.00020470619,-0.0002103187,-0.00021810106,-0.00022797885,-0.00023985739,-0.000253623,-0.00026914343,-0.00028626947,-0.00030483614,-0.0003246639,-0.0003455609,-0.0003673238,-0.00038974028,-0.00041259063,-0.00043564945,-0.0004586885,-0.00048147753,-0.0005037873,-0.0005253913,-0.0005460673,-0.00056560023,-0.0005837834,-0.00060042023,-0.0006153269,-0.0006283327,-0.0006392829,-0.0006480389,-0.0006544804,-0.00065850606,-0.00066003425,-0.00065900414,-0.00065537624,-0.0006491324,-0.00064027635,-0.0006288339,-0.00061485165,-0.00059839827,-0.0005795623,-0.00055845245,-0.0005351965,-0.0005099397,-0.00048284387,-0.00045408655,-0.0004238583,-0.00039236192,-0.00035981066,-0.00032642588,-0.00029243564,-0.00025807263,-0.00022357196,-0.00018916956,-0.00015509923,-0.00012159179,-8.887288e-05,-5.7160214e-05,-2.666258e-05,2.4226028e-06,2.9910123e-05,5.562944e-05,7.942498e-05,0.000101158905,0.00012071106,0.00013798033,0.0001528854,0.00016536583,0.00017538157,0.00018291405,0.00018796588,0.00019056075,0.0001907433,0.00018857836,0.0001841505,0.00017756311,0.0001689372,0.00015841058,0.00014613647,0.00013228157,0.000117025105,0.00010055723,8.307636e-05,6.4788386e-05,4.59039e-05,2.6636728e-05,7.2021503e-06,-1.2185599e-05,-3.1314907e-05,-4.997899e-05,-6.797799e-05,-8.512e-05,-0.000101223646,-0.00011611884,-0.0001296499,-0.0001416751,-0.00015206932,-0.00016072439,-0.00016755084,-0.00017247796,-0.00017545468,-0.00017645035
-0.0001674718,-0.00016875536,-0.00017259413,-0.00017895299,-0.00018777407,-0.0001989766,-0.00021245806,-0.00022809514,-0.0002457445,-0.00026524425,-0.00028641545,-0.00030906315,-0.0003329789,-0.0003579419,-0.00038372102,-0.00041007722,-0.00043676503,-0.00046353549,-0.00049013726,-0.00051631976,-0.000541835,-0.0005664392,-0.0005898961,-0.00061197794,-0.0006324677,-0.00065116154,-0.0006678694,-0.0006824181,-0.0006946517,-0.0007044332,-0.000711646,-0.00071619434,-0.00071800477,-0.0007170261,-0.00071323034,-0.00070661254,-0.0006971915,-0.0006850083,-0.0006701275,-0.0006526353,-0.00063263933,-0.00061026786,-0.0005856681,-0.00055900513,-0.0005304613,-0.000500233,-0.00046853034,-0.00043557465,-0.00040159666,-0.0003668347,-0.00033153244,-0.00029593683,-0.0002602961,-0.00022485707,-0.00018986373,-0.00015555533,-0.00012216331,-8.991026e-05,-5.900726e-05,-2.965315e-05,-2.0316802e-06,2.3688568e-05,4.73573e-05,6.8842404e-05,8.8031375e-05,0.0001048323,0.000119174845,0.00013100979,0.0001403103,0.00014707155,0.0001513107,0.00015306685,0.00015240014,0.00014939136,0.00014414103,0.00013676827,0.0001274097,0.00011621832,0.00010336129,8.90191e-05,7.3383766e-05,5.6656194e-05,3.9045408e-05,2.0765467e-05,2.034125e-06,-1.6929058e-05,-3.5905425e-05,-5.4678618e-05,-7.303711e-05,-9.077639e-05,-0.00010769974,-0.0001236213,-0.00013836661,-0.00015177588,-0.00016370365,-0.00017402142,-0.00018261813,-0.00018940176,-0.00019429973,-0.00019725955,-0.00019824968
-0.00014302981,-0.00014445701,-0.0001487259,-0.00015579868,-0.00016561308,-0.00017808235,-0.00019309612,-0.0002105218,-0.00023020514,-0.00025197194,-0.00027562949,-0.00030096777,-0.00032776233,-0.00035577494,-0.00038475642,-0.00041444867,-0.00044458656,-0.00047490094,-0.0005051199,-0.00053497177,-0.00056418765,-0.000592503,-0.00061966036,-0.0006454116,-0.0006695196,-0.0006917609,-0.00071192667,-0.00072982564,-0.0007452846,-0.0007581506,-0.000768292,-0.00077559915,-0.00077998603,-0.00078139023,-0.00077977404,-0.0007751242,-0.00076745235,-0.0007567944,-0.0007432109,-0.00072678545,-0.00070762506,-0.0006858583,-0.0006616344,-0.0006351217,-0.00060650724,-0.00057599327,-0.000543797,-0.00051014795,-0.0004752861,-0.00043945992,-0.00040292402,-0.0003659371,-0.00032875972,-0.00029165146,-0.00025486964,-0.00021866706,-0.00018328882,-0.00014897133,-0.00011593946,-8.440566e-05,-5.4567136e-05,-2.66055e-05,-6.836781e-07,2.3053988e-05,4.4483517e-05,6.350194e-05,8.002875e-05,9.400523e-05,0.000105395855,0.000114188035,0.00012039181,0.00012404035,0.0001251885,0.0001239127,0.00012031011,0.000114497176,0.00010660887,9.6797216e-05,8.52292e-05,7.208582e-05,5.7560363e-05,4.185553e-05,2.5182671e-05,7.758674e-06,-1.0195479e-05,-2.8456649e-05,-4.6802277e-05,-6.501208e-05,-8.287036e-05,-0.00010016846,-0.00011670553,-0.0001322916,-0.0001467484,-0.00015991252,-0.00017163514,-0.00018178471,-0.00019024753,-0.00019692938,-0.00020175593,-0.0002046734,-0.00020564951
-0.00012736014,-0.00012892298,-0.00013359787,-0.00014134459,-0.00015209644,-0.0001657609,-0.0001822201,-0.00020133241,-0.00022293298,-0.00024683573,-0.00027283462,-0.00030070508,-0.000330207,-0.00036108546,-0.00039307366,-0.00042589524,-0.00045926584,-0.0004928968,-0.0005264962,-0.00055977225,-0.0005924356,-0.00062420126,-0.00065479195,-0.0006839393,-0.00071138685,-0.00073689217,-0.00076022826,-0.0007811863,-0.0007995763,-0.00081522996,-0.00082800095,-0.00083776633,-0.0008444279,-0.00084791245,-0.00084817276,-0.00084518746,-0.0008389617,-0.0008295259,-0.000816937,-0.00080127653,-0.0007826503,-0.0007611877,-0.0007370397,-0.0007103783,-0.0006813948,-0.00065029756,-0.00061731064,-0.00058267184,-0.00054663,-0.0005094438,-0.00047137868,-0.00043270487,-0.00039369508,-0.00035462176,-0.00031575523,-0.0002773617,-0.00023969999,-0.0002030202,-0.00016756088,-0.00013354815,-0.000101192534,-7.068884e-05,-4.221266e-05,-1.5920581e-05,8.051662e-06,2.958998e-05,4.8603484e-05,6.502366e-05,7.880604e-05,8.9929876e-05,9.839784e-05,0.00010423662,0.000107495405,0.00010824585,0.00010658108,0.00010261455,9.647891e-05,8.832457e-05,7.83178e-05,6.663945e-05,5.348341e-05,3.9053557e-05,2.3562898e-05,7.2305265e-06,-9.719981e-06,-2.7062604e-05,-4.4571585e-05,-6.20232e-05,-7.919832e-05,-9.588456e-05,-0.00011187754,-0.00012698377,-0.00014102153,-0.0001538243,-0.00016524017,-0.00017513496,-0.00018339272,-0.00018991715,-0.00019463238,-0.00019748355,-0.00019843763
-0.0001206545,-0.00012234371,-0.00012739698,-0.0001357715,-0.00014739664,-0.00016217417,-0.00017997905,-0.00020066087,-0.00022404481,-0.00024993322,-0.00027810724,-0.00030832848,-0.0003403417,-0.00037387596,-0.00040864764,-0.00044436264,-0.00048071824,-0.0005174072,-0.0005541182,-0.00059054024,-0.0006263643,-0.0006612859,-0.0006950084,-0.0007272444,-0.00075771875,-0.00078617077,-0.00081235595,-0.00083604886,-0.00085704355,-0.00087515655,-0.00089022797,-0.0009021218,-0.0009107284,-0.0009159642,-0.0009177729,-0.0009161254,-0.0009110207,-0.00090248435,-0.00089056964,-0.0008753561,-0.0008569488,-0.00083547784,-0.0008110964,-0.00078397966,-0.0007543237,-0.00072234246,-0.0006882671,-0.0006523434,-0.00061482925,-0.0005759931,-0.00053611107,-0.00049546483,-0.00045433926,-0.0004130191,-0.0003717877,-0.00033092458,-0.00029070195,-0.0002513835,-0.00021322137,-0.0001764551,-0.00014130851,-0.000107989545,-7.668641e-05,-4.7567883e-05,-2.0781561e-05,3.5474077e-06,2.5317597e-05,4.445057e-05,6.089275e-05,7.4614974e-05,8.561238e-05,9.390482e-05,9.9535566e-05,0.00010257098,0.00010310003,0.000101232494,9.7098266e-05,9.084577e-05,8.2640036e-05,7.2661234e-05,6.110326e-05,4.8170594e-05,3.407747e-05,1.9044412e-05,3.2970856e-06,-1.2936012e-05,-2.942668e-05,-4.594827e-05,-6.227859e-05,-7.8202254e-05,-9.351176e-05,-0.000108010485,-0.00012151385,-0.00013385242,-0.00014487175,-0.00015443529,-0.0001624249,-0.00016874264,-0.0001733113,-0.00017607489,-0.00017699986
-0.00012278976,-0.00012459524,-0.00012999657,-0.00013894861,-0.00015137688,-0.0001671777,-0.0001862192,-0.00020834277,-0.0002333638,-0.00026107373,-0.00029124162,-0.0003236158,-0.0003579266,-0.00039388787,-0.00043119976,-0.00046955154,-0.0005086231,-0.00054808904,-0.0005876201,-0.0006268865,-0.00066556083,-0.00070332,-0.000739849,-0.0007748423,-0.00080800673,-0.0008390647,-0.000867755,-0.000893836,-0.00091708713,-0.0009373105,-0.00095433305,-0.0009680067,-0.0009782109,-0.0009848524,-0.0009878664,-0.0009872167,-0.0009828963,-0.00097492634,-0.000963357,-0.0009482659,-0.00092975784,-0.0009079637,-0.0008830389,-0.00085516204,-0.00082453375,-0.0007913739,-0.00075592054,-0.00071842736,-0.00067916105,-0.0006384,-0.0005964306,-0.00055354595,-0.0005100426,-0.00046621764,-0.00042236707,-0.00037878356,-0.0003357524,-0.0002935507,-0.0002524439,-0.00021268483,-0.00017451042,-0.0001381415,-0.00010377876,-7.1603194e-05,-4.1773834e-05,-1.4427205e-05,1.032502e-05,3.2394397e-05,5.1718176e-05,6.8258814e-05,8.200359e-05,9.296564e-05,0.00010118197,0.00010671356,0.00010964472,0.00011008154,0.000108150765,0.00010399852,9.778811e-05,8.9698704e-05,7.992386e-05,6.866822e-05,5.6146702e-05,4.258097e-05,2.819828e-05,1.322903e-05,-2.096349e-06,-1.7548868e-05,-3.2903714e-05,-4.79429e-05,-6.245611e-05,-7.624409e-05,-8.911961e-05,-0.000100910795,-0.00011146084,-0.00012063105,-0.00012830156,-0.00013437276,-0.00013876619,-0.00014142506,-0.00014231516
-0.00013333544,-0.0001352466,-0.0001409642,-0.00015044087,-0.00016359848,-0.00018032825,-0.00020049182,-0.00022392269,-0.00025042723,-0.00027978636,-0.00031175776,-0.0003460771,-0.00038246118,-0.0004206093,-0.00046020665,-0.0005009263,-0.0005424317,-0.0005843807,-0.00062642666,-0.0006682224,-0.0007094229,-0.00074968766,-0.0007886841,-0.0008260897,-0.0008615946,-0.00089490495,-0.0009257438,-0.00095385476,-0.0009790029,-0.0010009771,-0.0010195922,-0.0010346887,-0.0010461358,-0.0010538314,-0.0010577028,-0.0010577071,-0.0010538324,-0.0010460953,-0.0010345437,-0.0010192536,-0.00100033,-0.0009779044,-0.00095213496,-0.00092320365,-0.0008913162,-0.000856698,-0.00081959425,-0.0007802662,-0.0007389897,-0.00069605233,-0.00065175124,-0.0006063903,-0.0005602777,-0.00051372265,-0.0004670336,-0.00042051586,-0.0003744678,-0.00032917951,-0.00028492953,-0.00024198368,-0.00020059162,-0.00016098692,-0.00012338246,-8.79711e-05,-5.492344e-05,-2.4386769e-05,3.5169069e-06,2.8689305e-05,5.1058683e-05,7.057912e-05,8.723023e-05,0.00010101823,0.00011197399,0.00012015307,0.00012563504,0.00012852214,0.00012893791,0.00012702598,0.00012294768,0.00011688114,0.00010901925,9.956653e-05,8.8738394e-05,7.675744e-05,6.385209e-05,5.0254457e-05,3.6196812e-05,2.191031e-05,7.622046e-06,-6.447619e-06,-2.0085936e-05,-3.30912e-05,-4.527378e-05,-5.6459547e-05,-6.648959e-05,-7.522329e-05,-8.253905e-05,-8.83359e-05,-9.253421e-05,-9.507629e-05,-9.592755e-05
-0.00015157176,-0.00015357777,-0.00015957927,-0.00016952677,-0.0001833387,-0.00020090146,-0.00022207058,-0.0002466722,-0.00027450395,-0.0003053372,-0.0003389186,-0.000374972,-0.0004132015,-0.0004532928,-0.00049491663,-0.00053773116,-0.00058138446,-0.00062551844,-0.0006697701,-0.00071377604,-0.0007571747,-0.0007996092,-0.0008407305,-0.00088020036,-0.00091769313,-0.00095289975,-0.0009855288,-0.00101531,-0.001041995,-0.0010653608,-0.0010852106,-0.0011013746,-0.0011137128,-0.0011221146,-0.0011265003,-0.0011268215,-0.001123061,-0.0011152327,-0.0011033819,-0.0010875836,-0.0010679429,-0.0010445934,-0.0010176955,-0.000987435,-0.0009540226,-0.00091768964,-0.0008786882,-0.0008372876,-0.00079377217,-0.00074843934,-0.0007015962,-0.0006535576,-0.0006046431,-0.0005551736,-0.0005054699,-0.00045584977,-0.0004066242,-0.00035809586,-0.00031055618,-0.00026428353,-0.00021954015,-0.00017657179,-0.00013560329,-9.683901e-05,-6.0460676e-05,-2.6626192e-05,4.532456e-06,3.290747e-05,5.8418373e-05,8.1011094e-05,0.00010065781,0.00011735805,0.00013113674,0.00014204407,0.00015015512,0.00015556833,0.00015840412,0.00015880358,0.00015692634,0.00015294926,0.00014706461,0.0001394769,0.00013040188,0.000120062905,0.00010868968,9.651588e-05,8.377556e-05,7.0701826e-05,5.752405e-05,4.4464774e-05,3.1739175e-05,1.9551233e-05,8.092866e-06,-2.4596266e-06,-1.1945347e-05,-2.0221756e-05,-2.7165743e-05,-3.2674874e-05,-3.6668454e-05,-3.9088067e-05,-3.9898518e-05
-0.0001765176,-0.00017860779,-0.00018486123,-0.00019522649,-0.00020961871,-0.00022791975,-0.00024997944,-0.0002756169,-0.00030462182,-0.00033675623,-0.0003717567,-0.00040933597,-0.00044918613,-0.00049098016,-0.0005343753,-0.0005790158,-0.00062453514,-0.00067056034,-0.0007167133,-0.00076261535,-0.00080788956,-0.0008521637,-0.00089507375,-0.00093626627,-0.0009754013,-0.0010121558,-0.0010462246,-0.0010773249,-0.0011051962,-0.0011296042,-0.0011503415,-0.0011672293,-0.0011801188,-0.0011888924,-0.0011934639,-0.00119378,-0.0011898193,-0.0011815932,-0.0011691451,-0.00115255,-0.0011319134,-0.0011073711,-0.0010790861,-0.0010472488,-0.0010120748,-0.00097380154,-0.0009326882,-0.0008890121,-0.0008430664,-0.00079515774,-0.00074560364,-0.00069472945,-0.00064286607,-0.00059034606,-0.0005375019,-0.00048466364,-0.0004321547,-0.00038029006,-0.0003293734,-0.00027969552,-0.00023153052,-0.0001851362,-0.00014074873,-9.858365e-05,-5.8833277e-05,-2.1665735e-05,1.2777426e-05,4.437944e-05,7.30514e-05,9.87316e-05,0.000121385136,0.00014100531,0.00015761136,0.00017124858,0.00018198791,0.00018992426,0.00019517522,0.00019787981,0.00019819601,0.00019629978,0.00019238303,0.00018665032,0.00017931804,0.00017061054,0.00016075883,0.00014999838,0.00013856505,0.00012669415,0.00011461734,0.00010255949,9.073816e-05,7.93598e-05,6.861855e-05,5.869296e-05,4.9746053e-05,4.1922165e-05,3.5346075e-05,3.0121606e-05,2.633053e-05,2.4032111e-05,2.3261999e-05
-0.00020696779,-0.00020913196,-0.0002156067,-0.00022633874,-0.00024124017,-0.00026018865,-0.00028302858,-0.00030957256,-0.0003396027,-0.0003728725,-0.00040910896,-0.00044801435,-0.0004892696,-0.0005325358,-0.0005774576,-0.00062366616,-0.0006707814,-0.00071841653,-0.00076617935,-0.0008136769,-0.0008605181,-0.0009063163,-0.0009506936,-0.0009932829,-0.0010337307,-0.0010717011,-0.0011068765,-0.0011389626,-0.0011676877,-0.0011928073,-0.0012141048,-0.0012313928,-0.0012445152,-0.001253348,-0.0012577996,-0.0012578123,-0.0012533618,-0.0012444571,-0.001231141,-0.0012134886,-0.0011916069,-0.0011656337,-0.0011357358,-0.001102108,-0.0010649713,-0.0010245699,-0.0009811696,-0.0009350564,-0.000886532,-0.00083591253,-0.0007835259,-0.00072970765,-0.0006748001,-0.000619147,-0.00056309265,-0.00050697906,-0.0004511414,-0.00039590683,-0.000341591,-0.00028849638,-0.00023690885,-0.00018709738,-0.00013930925,-9.377055e-05,-5.0683622e-05,-1.0226271e-05,2.7451111e-05,6.2223146e-05,9.399331e-05,0.00012269265,0.00014828,0.00017074283,0.00019009547,0.00020637884,0.00021966019,0.0002300317,0.00023760853,0.00024252816,0.0002449476,0.00024504226,0.00024300421,0.00023903864,0.00023336294,0.00022620293,0.00021779133,0.00020836577,0.00019816437,0.00018742488,0.00017638158,0.00016526198,0.00015428636,0.0001436638,0.000133591,0.00012424892,0.00011580279,0.000108399,0.0001021641,9.720342e-05,9.35999e-05,9.141366e-05,9.068086e-05
-0.00024153764,-0.00024376623,-0.0002504337,-0.00026148502,-0.00027682947,-0.00029634064,-0.00031985794,-0.00034718786,-0.00037810538,-0.00041235593,-0.00044965764,-0.00048970303,-0.00053216243,-0.0005766859,-0.00062290626,-0.0006704426,-0.0007189022,-0.00076788524,-0.0008169866,-0.0008657999,-0.00091392087,-0.00096095,-0.0010064961,-0.0010501797,-0.0010916349,-0.001130514,-0.0011664883,-0.0011992523,-0.0012285253,-0.001254053,-0.0012756106,-0.0012930037,-0.0013060693,-0.0013146782,-0.0013187341,-0.0013181764,-0.001312978,-0.001303147,-0.0012887259,-0.0012697906,-0.0012464501,-0.0012188454,-0.0011871471,-0.0011515551,-0.0011122961,-0.001069621,-0.0010238036,-0.0009751377,-0.00092393416,-0.00087051885,-0.00081522955,-0.00075841276,-0.0007004214,-0.0006416108,-0.00058233656,-0.0005229523,-0.00046380496,-0.00040523335,-0.00034756458,-0.0002911126,-0.0002361742,-0.00018302938,-0.0001319356,-8.3128965e-05,-3.682128e-05,6.800721e-06,4.7578476e-05,8.537881e-05,0.00012009824,0.00015166154,0.00018002177,0.00020516166,0.00022709125,0.000245848,0.0002614963,0.00027412624,0.00028385164,0.00029080902,0.00029515525,0.0002970661,0.00029673448,0.0002943669,0.00029018262,0.00028440947,0.0002772827,0.00026904268,0.00025993036,0.00025018663,0.00024004889,0.00022974788,0.00021950703,0.00020953848,0.00020004195,0.00019120114,0.00018318382,0.00017613875,0.00017019449,0.00016545807,0.00016201375,0.00015992261,0.00015922148
-0.0002787138,-0.0002809982,-0.00028783255,-0.00029916022,-0.00031488773,-0.000334885,-0.0003589866,-0.00038699337,-0.00041867353,-0.00045376504,-0.0004919775,-0.0005329944,-0.0005764763,-0.0006220626,-0.0006693754,-0.0007180222,-0.0007675986,-0.00081769284,-0.0008678874,-0.0009177639,-0.00096690573,-0.0010149012,-0.0010613473,-0.0011058529,-0.001148041,-0.0011875529,-0.0012240501,-0.0012572175,-0.0012867651,-0.0013124311,-0.0013339833,-0.0013512205,-0.0013639749,-0.0013721124,-0.0013755338,-0.0013741752,-0.0013680088,-0.0013570418,-0.0013413177,-0.001320914,-0.0012959423,-0.0012665472,-0.0012329041,-0.0011952182,-0.0011537226,-0.0011086755,-0.0010603585,-0.001009074,-0.0009551424,-0.0008988989,-0.00084069185,-0.00078087824,-0.0007198219,-0.0006578894,-0.0005954476,-0.0005328617,-0.00047048985,-0.00040868222,-0.00034777698,-0.00028809902,-0.00022995565,-0.00017363709,-0.00011941057,-6.752137e-05,-1.819004e-05,2.8388647e-05,7.204864e-05,0.00011264997,0.00015008305,0.00018426731,0.00021515111,0.00024271331,0.00026696076,0.00028792847,0.00030567902,0.00032030157,0.00033190945,0.00034063953,0.0003466494,0.00035011637,0.00035123512,0.00035021466,0.0003472769,0.00034265284,0.0003365811,0.00032930577,0.00032107154,0.00031212321,0.0003027022,0.00029304303,0.00028337314,0.00027390843,0.00026485207,0.00025639113,0.00024869648,0.0002419196,0.00023619136,0.00023162086,0.00022829391,0.00022627274,0.00022559485
-0.0003169095,-0.00031924216,-0.00032622076,-0.0003377872,-0.00035384536,-0.00037426167,-0.00039886622,-0.0004274544,-0.00045978808,-0.0004955981,-0.00053458626,-0.0005764273,-0.00062077254,-0.0006672517,-0.00071547646,-0.0007650437,-0.00081553805,-0.0008665364,-0.0009176101,-0.00096832914,-0.0010182657,-0.001066997,-0.001114109,-0.0011591999,-0.0012018824,-0.0012417884,-0.0012785698,-0.0013119034,-0.0013414912,-0.0013670643,-0.0013883844,-0.001405245,-0.001417474,-0.0014249333,-0.0014275217,-0.0014251737,-0.0014178609,-0.0014055911,-0.0013884092,-0.0013663953,-0.0013396643,-0.0013083653,-0.001272679,-0.0012328165,-0.0011890183,-0.0011415498,-0.0010907014,-0.0010367841,-0.0009801281,-0.0009210786,-0.0008599942,-0.00079724286,-0.0007331993,-0.0006682412,-0.00060274673,-0.0005370921,-0.0004716469,-0.00040677187,-0.00034281617,-0.000280115,-0.00021898554,-0.00015972776,-0.00010261779,-4.7909474e-05,4.168847e-06,5.3415104e-05,9.9656885e-05,0.00014274831,0.00018257482,0.00021905155,0.00025212337,0.00028176638,0.00030798555,0.0003308146,0.00035031565,0.0003665781,0.0003797163,0.00038986857,0.0003971947,0.00040187465,0.0004041064,0.0004041026,0.00040208915,0.0003983014,0.00039298262,0.0003863817,0.0003787483,0.0003703321,0.00036137956,0.0003521302,0.00034281617,0.0003336579,0.00032486304,0.0003166226,0.00030911114,0.00030248347,0.0002968733,0.0002923921,0.0002891276,0.00028714334,0.00028647768
-0.0003545222,-0.00035689678,-0.00036400068,-0.0003757742,-0.000392119,-0.00041289796,-0.00043793698,-0.00046702623,-0.0004999216,-0.0005363473,-0.00057599734,-0.0006185385,-0.0006636134,-0.0007108423,-0.0007598274,-0.00081015524,-0.0008614003,-0.00091312884,-0.0009649017,-0.0010162783,-0.0010668202,-0.0011160942,-0.0011636763,-0.0012091548,-0.0012521334,-0.001292235,-0.0013291035,-0.0013624078,-0.0013918432,-0.001417135,-0.0014380394,-0.0014543456,-0.0014658781,-0.0014724967,-0.0014740978,-0.0014706161,-0.0014620235,-0.0014483291,-0.00142958,-0.0014058601,-0.0013772883,-0.001344019,-0.0013062387,-0.0012641655,-0.0012180475,-0.0011681583,-0.0011147971,-0.0010582847,-0.0009989608,-0.0009371814,-0.0008733154,-0.00080774183,-0.0007408466,-0.00067301834,-0.0006046464,-0.0005361182,-0.00046781404,-0.00040010543,-0.00033335172,-0.00026789805,-0.00020407107,-0.00014217958,-8.250802e-05,-2.5317931e-05,2.915546e-05,8.07038e-05,0.00012914928,0.00017434129,0.00021616145,0.0002545219,0.00028936524,0.00032066627,0.00034842937,0.0003726885,0.00039350672,0.00041097528,0.00042521092,0.00043635504,0.0004445712,0.00045004356,0.00045297487,0.0004535829,0.00045209928,0.000448765,0.0004438295,0.00043754786,0.000430176,0.00042196998,0.0004131825,0.00040405904,0.00039483773,0.00038574467,0.00037699277,0.0003687779,0.00036127918,0.00035465526,0.0003490433,0.00034455775,0.0003412885,0.00033930072,0.00033863372
-0.0003899904,-0.0003924018,-0.00039961573,-0.00041157112,-0.00042816717,-0.00044926364,-0.0004746823,-0.0005042083,-0.0005375919,-0.0005745507,-0.00061477174,-0.00065791374,-0.000703611,-0.0007514751,-0.00080109894,-0.0008520595,-0.00090392155,-0.0009562414,-0.0010085698,-0.0010604564,-0.0011114527,-0.0011611161,-0.001209013,-0.0012547232,-0.0012978415,-0.0013379831,-0.0013747842,-0.0014079076,-0.0014370424,-0.0014619087,-0.0014822586,-0.0014978779,-0.0015085882,-0.0015142483,-0.001514754,-0.0015100403,-0.0015000801,-0.0014848856,-0.0014645068,-0.0014390317,-0.0014085845,-0.0013733256,-0.0013334483,-0.0012891784,-0.001240772,-0.0011885117,-0.0011327064,-0.0010736868,-0.0010118028,-0.0009474213,-0.0008809222,-0.00081269565,-0.00074313884,-0.00067265145,-0.00060163427,-0.0005304854,-0.00045959587,-0.0003893476,-0.00032010983,-0.00025223708,-0.00018606486,-0.00012191019,-6.0065053e-05,-7.9772144e-07,5.565051e-05,0.000109066124,0.00015926705,0.00020609915,0.00024944157,0.00028920468,0.00032533036,0.00035779356,0.00038659963,0.00041178433,0.00043341346,0.00045158164,0.00046640972,0.0004780441,0.0004866536,0.00049242855,0.0004955781,0.00049632706,0.0004949142,0.00049158814,0.00048660598,0.00048023066,0.00047272604,0.00046435583,0.00045538056,0.0004460531,0.00043661875,0.00042731053,0.00041834754,0.00040993176,0.00040224747,0.00039545825,0.00038970535,0.00038510648,0.0003817544,0.00037971608,0.00037903222
-0.00042185024,-0.00042429467,-0.00043160724,-0.00044372553,-0.00046054646,-0.00048192666,-0.0005076839,-0.0005375986,-0.0005714154,-0.0006088455,-0.0006495692,-0.00069323776,-0.0007394773,-0.000787891,-0.0008380627,-0.00088956056,-0.0009419397,-0.0009947473,-0.0010475244,-0.0010998113,-0.0011511503,-0.0012010897,-0.0012491876,-0.001295015,-0.0013381594,-0.0013782284,-0.001414852,-0.0014476868,-0.0014764173,-0.0015007589,-0.0015204606,-0.0015353053,-0.0015451137,-0.0015497433,-0.001549091,-0.0015430922,-0.0015317231,-0.0015149983,-0.0014929728,-0.0014657391,-0.0014334279,-0.0013962061,-0.0013542749,-0.0013078682,-0.0012572512,-0.0012027165,-0.0011445824,-0.0010831907,-0.0010189022,-0.00095209456,-0.00088315946,-0.00081249827,-0.0007405197,-0.0006676349,-0.0005942555,-0.00052079075,-0.00044764206,-0.00037520146,-0.00030384772,-0.00023394427,-0.00016583486,-9.9844154e-05,-3.6270765e-05,2.4611087e-05,8.25551e-05,0.00013734373,0.00018879172,0.00023674277,0.00028107478,0.00032169805,0.00035855512,0.0003916227,0.00042090885,0.00044645282,0.0004683249,0.00048662495,0.0005014799,0.0005130428,0.0005214899,0.0005270194,0.0005298489,0.0005302121,0.000528357,0.0005245415,0.0005190323,0.00051210204,0.0005040241,0.00049507164,0.00048551455,0.0004756146,0.0004656257,0.00045578904,0.0004463314,0.00043746165,0.00042937062,0.00042222737,0.00041617794,0.00041134428,0.00040782214,0.0004056809,0.00040496248
-0.0004487877,-0.0004512626,-0.00045866612,-0.00047093455,-0.00048796253,-0.0005096037,-0.00053567183,-0.0005659427,-0.00060015556,-0.00063801557,-0.0006791961,-0.000723341,-0.00077006884,-0.00081897445,-0.00086963316,-0.0009216042,-0.00097443373,-0.0010276599,-0.0010808146,-0.0011334294,-0.0011850375,-0.001235179,-0.0012834037,-0.001329275,-0.0013723732,-0.0014122993,-0.0014486776,-0.0014811597,-0.0015094255,-0.0015331869,-0.0015521902,-0.0015662173,-0.0015750874,-0.0015786589,-0.0015768292,-0.001569537,-0.0015567609,-0.0015385199,-0.0015148739,-0.0014859219,-0.0014518013,-0.0014126865,-0.0013687874,-0.001320347,-0.0012676402,-0.0012109699,-0.0011506655,-0.0010870794,-0.0010205843,-0.00095156964,-0.0008804385,-0.0008076042,-0.0007334871,-0.0006585098,-0.0005830952,-0.0005076633,-0.000432626,-0.00035838503,-0.00028532837,-0.00021382801,-0.00014423534,-7.6881835e-05,-1.207208e-05,4.991472e-05,0.00010882829,0.00016444808,0.00021658695,0.00026508773,0.00030982867,0.00035072118,0.00038771034,0.00042077622,0.00044993125,0.00047522015,0.00049671944,0.0005145363,0.00052880554,0.00053968903,0.0005473724,0.00055206387,0.0005539915,0.0005533998,0.00055054796,0.00054570544,0.0005391504,0.0005311669,0.00052203983,0.0005120538,0.0005014894,0.00049061916,0.00047970715,0.00046900404,0.00045874558,0.00044914894,0.0004404122,0.00043271115,0.00042619745,0.0004209977,0.00041721144,0.00041491067,0.0004141389
-0.00046968416,-0.00047218814,-0.00047967845,-0.00049208995,-0.0005093152,-0.00053120486,-0.0005575687,-0.00058817794,-0.0006227665,-0.00066103344,-0.0007026456,-0.00074723957,-0.0007944262,-0.00084379234,-0.000894905,-0.00094731455,-0.0010005587,-0.0010541667,-0.0011076618,-0.0011605663,-0.0012124061,-0.0012627122,-0.0013110273,-0.0013569075,-0.0013999265,-0.0014396793,-0.0014757847,-0.0015078901,-0.0015356715,-0.0015588382,-0.0015771347,-0.0015903418,-0.001598279,-0.0016008054,-0.0015978209,-0.001589267,-0.0015751264,-0.0015554235,-0.0015302238,-0.0014996333,-0.0014637971,-0.0014228984,-0.001377156,-0.001326823,-0.0012721851,-0.0012135559,-0.0011512765,-0.0010857111,-0.0010172441,-0.0009462773,-0.0008732261,-0.00079851574,-0.00072257867,-0.00064584904,-0.00056876097,-0.0004917455,-0.00041522464,-0.00033960975,-0.00026529763,-0.00019266832,-0.00012208027,-5.3871227e-05,1.1649106e-05,7.4197465e-05,0.00013352057,0.00018939603,0.00024163605,0.000290084,0.00033461972,0.00037515757,0.00041164656,0.0004440719,0.00047245223,0.0004968396,0.0005173187,0.0005340059,0.0005470462,0.00055661204,0.0005629007,0.0005661323,0.00056654774,0.0005644045,0.0005599749,0.00055354193,0.0005453974,0.0005358388,0.0005251645,0.000513672,0.0005016549,0.000489398,0.00047717692,0.00046525348,0.00045387386,0.0004432645,0.00043363217,0.00042516008,0.00041800653,0.0004123034,0.00040815448,0.00040563487,0.00040479004
-0.0004836568,-0.00048618944,-0.00049376534,-0.0005063181,-0.000523738,-0.00054587267,-0.0005725281,-0.000603471,-0.0006384298,-0.0006770976,-0.0007191347,-0.0007641706,-0.00081180857,-0.00086162734,-0.00091318577,-0.00096602587,-0.0010196766,-0.0010736585,-0.0011274864,-0.0011806745,-0.0012327402,-0.0012832071,-0.0013316104,-0.0013774992,-0.0014204411,-0.0014600257,-0.001495867,-0.0015276084,-0.0015549228,-0.0015775175,-0.0015951355,-0.0016075576,-0.0016146039,-0.0016161357,-0.0016120552,-0.0016023081,-0.0015868819,-0.0015658069,-0.0015391554,-0.001507041,-0.0014696177,-0.0014270776,-0.0013796499,-0.0013275981,-0.0012712195,-0.0012108394,-0.0011468107,-0.0010795103,-0.0010093353,-0.00093669986,-0.0008620321,-0.0007857698,-0.0007083574,-0.00063024106,-0.0005518663,-0.0004736749,-0.00039609912,-0.00031955956,-0.00024446158,-0.00017119285,-0.00010011842,-3.1581512e-05,3.4103756e-05,9.665097e-05,0.00015580484,0.00021134225,0.00026307598,0.0003108512,0.00035455087,0.0003940937,0.0004294344,0.00046056497,0.00048751212,0.00051033695,0.00052913436,0.0005440319,0.00055518653,0.0005627837,0.00056703424,0.0005681725,0.000566454,0.0005621514,0.00055555254,0.00054695585,0.00053666864,0.00052500394,0.0005122756,0.000498796,0.00048487337,0.00047080626,0.00045688383,0.00044338044,0.00043055398,0.00041864155,0.00040785954,0.0003983998,0.00039042794,0.0003840819,0.00037947038,0.0003766718,0.00037573368
-0.0004900884,-0.0004926502,-0.0005003132,-0.00051300955,-0.00053062744,-0.0005530114,-0.0005799638,-0.00061124645,-0.0006465826,-0.00068565935,-0.0007281304,-0.00077361823,-0.0008217185,-0.000872002,-0.00092401926,-0.0009773042,-0.001031377,-0.00108575,-0.0011399294,-0.0011934214,-0.0012457353,-0.0012963873,-0.0013449054,-0.0013908325,-0.00143373,-0.0014731826,-0.0015088,-0.0015402216,-0.0015671183,-0.0015891953,-0.0016061956,-0.0016178994,-0.0016241291,-0.0016247479,-0.0016196619,-0.0016088212,-0.001592219,-0.0015698919,-0.0015419201,-0.0015084257,-0.0014695715,-0.0014255601,-0.0013766316,-0.0013230607,-0.0012651567,-0.0012032574,-0.0011377283,-0.0010689595,-0.0009973608,-0.00092335994,-0.0008473977,-0.00076992484,-0.0006913982,-0.000612276,-0.00053301523,-0.00045406842,-0.00037587777,-0.00029887326,-0.00022346835,-0.00015005788,-7.901301e-05,-1.0681829e-05,5.4617914e-05,0.00011659745,0.00017500047,0.00022960427,0.0002802233,0.00032670583,0.0003689394,0.00040684856,0.00044039515,0.0004695797,0.0004944387,0.0005150441,0.000531503,0.0005439559,0.0005525739,0.0005575572,0.0005591324,0.00055755005,0.0005530825,0.0005460195,0.0005366664,0.00052533916,0.00051236275,0.00049806753,0.00048278467,0.00046684334,0.00045056804,0.00043427298,0.00041826215,0.00040282402,0.0003882294,0.0003747275,0.0003625453,0.0003518843,0.00034291812,0.00033579167,0.00033061884,0.00032748195,0.00032643083
-0.0004886487,-0.0004912409,-0.00049899425,-0.00051184,-0.000529664,-0.0005523076,-0.0005795693,-0.0006112065,-0.000646937,-0.0006864419,-0.0007293683,-0.0007753315,-0.0008239196,-0.0008746956,-0.0009272018,-0.0009809637,-0.0010354932,-0.001090294,-0.0011448642,-0.0011987019,-0.0012513084,-0.0013021929,-0.0013508763,-0.0013968954,-0.0014398058,-0.0014791877,-0.0015146465,-0.0015458188,-0.0015723727,-0.0015940128,-0.0016104816,-0.0016215604,-0.0016270734,-0.0016268868,-0.001620911,-0.0016091011,-0.0015914566,-0.0015680215,-0.001538884,-0.0015041754,-0.0014640684,-0.0014187766,-0.0013685512,-0.0013136794,-0.0012544827,-0.0011913119,-0.0011245459,-0.0010545882,-0.0009818627,-0.00090680993,-0.0008298843,-0.0007515498,-0.0006722757,-0.0005925326,-0.0005127889,-0.00043350784,-0.0003551417,-0.00027812933,-0.00020289216,-0.00012983178,-5.9324946e-05,8.276027e-06,7.265044e-05,0.00013350797,0.00019059225,0.00024368192,0.00029259422,0.0003371819,0.00037733812,0.00041299476,0.00044412247,0.00047073167,0.00049287017,0.00051062275,0.0005241103,0.0005334881,0.0005389431,0.0005406925,0.00053898024,0.00053407514,0.0005262683,0.0005158686,0.00050320063,0.00048859994,0.00047241093,0.00045498332,0.00043666703,0.00041780993,0.00039875443,0.00037983194,0.00036136282,0.00034365084,0.00032698127,0.00031161617,0.00029779458,0.00028572825,0.00027559986,0.00026756155,0.00026173328,0.00025820144,0.00025701834
-0.00047930493,-0.000481929,-0.00048977777,-0.0005027809,-0.0005208221,-0.0005437398,-0.00057132856,-0.000603341,-0.0006394896,-0.0006794495,-0.00072286115,-0.0007693327,-0.00081844465,-0.00086975214,-0.0009227892,-0.000977073,-0.001032107,-0.0010873867,-0.0011424021,-0.0011966428,-0.0012496029,-0.0013007841,-0.0013497007,-0.0013958834,-0.0014388828,-0.0014782738,-0.0015136584,-0.0015446706,-0.0015709765,-0.0015922798,-0.0016083231,-0.0016188893,-0.0016238046,-0.0016229392,-0.0016162079,-0.0016035715,-0.001585036,-0.0015606538,-0.0015305214,-0.0014947797,-0.0014536123,-0.001407244,-0.0013559378,-0.0012999937,-0.0012397461,-0.0011755596,-0.0011078267,-0.0010369648,-0.00096341135,-0.0008876213,-0.0008100626,-0.0007312122,-0.00065155263,-0.0005715665,-0.0004917338,-0.00041252855,-0.0003344128,-0.00025783415,-0.00018322164,-0.00011098323,-4.1500796e-05,2.486963e-05,8.780511e-05,0.0001470145,0.00020224224,0.00025326922,0.00029991657,0.00034204248,0.00037954707,0.00041237083,0.00044049433,0.00046393948,0.000482767,0.00049707585,0.0005070023,0.0005127181,0.0005144279,0.00051236735,0.00050679955,0.00049801345,0.0004863204,0.00047205033,0.00045554887,0.0004371727,0.00041728743,0.0003962637,0.000374472,0.00035228027,0.00033005024,0.000308132,0.00028686362,0.0002665654,0.00024753803,0.00023005789,0.0002143766,0.0002007171,0.00018927181,0.0001802009,0.00017363043,0.00016965144,0.00016831903
-0.0004623214,-0.00046497927,-0.00047292892,-0.00048609872,-0.00050437014,-0.00052757846,-0.0005555145,-0.0005879261,-0.00062452035,-0.00066496636,-0.00070889783,-0.00075591594,-0.0008055935,-0.00085747766,-0.0009110945,-0.0009659526,-0.0010215472,-0.0010773655,-0.0011328888,-0.0011875996,-0.0012409841,-0.0012925366,-0.0013417652,-0.0013881945,-0.0014313699,-0.0014708621,-0.0015062694,-0.0015372232,-0.0015633883,-0.0015844674,-0.0016002038,-0.0016103822,-0.0016148316,-0.0016134259,-0.001606085,-0.0015927758,-0.0015735116,-0.0015483525,-0.0015174049,-0.0014808197,-0.001438791,-0.0013915558,-0.0013393891,-0.0012826044,-0.0012215492,-0.0011566022,-0.0010881698,-0.0010166834,-0.00094259536,-0.0008663741,-0.00078850164,-0.00070946844,-0.00062976975,-0.0005499006,-0.0004703524,-0.00039160997,-0.0003141448,-0.00023841314,-0.00016485123,-9.387317e-05,-2.5865422e-05,3.8812846e-05,9.983699e-05,0.00015691579,0.00020979517,0.00025825918,0.00030213367,0.00034128327,0.0003756162,0.00040508254,0.00042967405,0.00044942537,0.00046441134,0.0004747464,0.00048058364,0.0004821128,0.0004795575,0.00047317325,0.0004632441,0.00045008026,0.0004340152,0.0004154011,0.00039460618,0.00037200988,0.00034800026,0.00032297024,0.0002973124,0.00027141598,0.00024566345,0.00022042455,0.00019605624,0.0001728964,0.00015126233,0.00013144518,0.00011371021,9.829225e-05,8.5393986e-05,7.518407e-05,6.779525e-05,6.33233e-05,6.1826286e-05
-0.0004382492,-0.0004409427,-0.00044899894,-0.0004623447,-0.00048085942,-0.00050437526,-0.0005326791,-0.0005655141,-0.00060258195,-0.00064354576,-0.00068803265,-0.0007356365,-0.00078592263,-0.0008384303,-0.00089267734,-0.0009481641,-0.0010043775,-0.0010607963,-0.0011168942,-0.0011721452,-0.0012260282,-0.0012780309,-0.0013276546,-0.0013744181,-0.0014178619,-0.0014575523,-0.0014930845,-0.0015240872,-0.0015502239,-0.0015711973,-0.0015867513,-0.0015966725,-0.0016007927,-0.0015989904,-0.0015911905,-0.0015773664,-0.0015575388,-0.0015317764,-0.0015001951,-0.0014629561,-0.0014202651,-0.0013723706,-0.0013195609,-0.0012621621,-0.0012005361,-0.0011350751,-0.0010662001,-0.000994357,-0.0009200122,-0.0008436485,-0.0007657617,-0.0006868557,-0.00060743897,-0.0005280185,-0.0004490972,-0.00037117023,-0.00029471872,-0.00022020703,-0.00014807848,-7.8752746e-05,-1.2620556e-05,4.9956285e-05,0.00010865199,0.00016317585,0.00021327594,0.0002587402,0.00029939995,0.00033512712,0.0003658388,0.00039149562,0.00041210162,0.000427705,0.0004383958,0.0004443052,0.00044560412,0.00044250127,0.00043524054,0.00042409854,0.00040938123,0.0003914215,0.00037057602,0.00034722037,0.0003217467,0.00029455803,0.00026606634,0.00023668786,0.00020683819,0.00017692897,0.0001473643,0.00011853475,9.0816815e-05,6.4566906e-05,4.0119514e-05,1.7781509e-05,-2.1677988e-06,-1.9481027e-05,-3.3944874e-05,-4.5381807e-05,-5.3652067e-05,-5.865487e-05,-6.0329185e-05
-0.0004079044,-0.0004106352,-0.00041880296,-0.00043233315,-0.00045110288,-0.00047494136,-0.00050363154,-0.0005369119,-0.00057447894,-0.00061598956,-0.00066106435,-0.00070929003,-0.0007602245,-0.0008133991,-0.0008683236,-0.0009244903,-0.0009813776,-0.0010384562,-0.0010951918,-0.0011510504,-0.0012055042,-0.0012580332,-0.001308133,-0.0013553164,-0.001399119,-0.0014391034,-0.0014748612,-0.001506019,-0.0015322393,-0.0015532243,-0.0015687192,-0.0015785125,-0.001582439,-0.001580382,-0.0015722716,-0.0015580876,-0.0015378591,-0.0015116627,-0.0014796242,-0.0014419153,-0.0013987533,-0.0013503988,-0.0012971528,-0.001239355,-0.0011773808,-0.0011116365,-0.0010425578,-0.00097060465,-0.0008962578,-0.0008200145,-0.00074238423,-0.0006638843,-0.0005850358,-0.00050635793,-0.00042836484,-0.000351562,-0.00027643947,-0.0002034698,-0.00013310286,-6.5763634e-05,-1.8466599e-06,5.828405e-05,0.000114302034,0.0001659176,0.00021288154,0.00025498628,0.00029206916,0.0003240101,0.0003507358,0.00037221808,0.00038847397,0.000399566,0.0004056002,0.00040672522,0.00040313063,0.00039504503,0.00038273324,0.0003664939,0.00034665578,0.00032357516,0.00029763268,0.00026922836,0.00023877881,0.00020671177,0.00017346363,0.00013947472,0.000105184474,7.102759e-05,3.743051e-05,4.8050715e-06,-2.6451831e-05,-5.596486e-05,-8.3381805e-05,-0.000108379696,-0.00013066464,-0.00014997646,-0.00016609082,-0.00017882104,-0.0001880202,-0.0001935825,-0.00019544366
-0.00037233788,-0.0003751073,-0.0003833904,-0.00039711146,-0.0004161453,-0.00044031817,-0.0004694091,-0.00050315214,-0.00054123835,-0.0005833188,-0.0006290075,-0.0006778844,-0.0007294997,-0.00078337715,-0.00083901867,-0.00089590816,-0.00095351634,-0.0010113056,-0.0010687339,-0.0011252596,-0.0011803474,-0.0012334712,-0.0012841199,-0.0013318011,-0.0013760458,-0.0014164118,-0.0014524887,-0.0014839006,-0.0015103087,-0.0015314156,-0.0015469673,-0.0015567546,-0.0015606157,-0.0015584378,-0.0015501571,-0.00153576,-0.0015152828,-0.0014888115,-0.0014564812,-0.001418474,-0.0013750189,-0.0013263882,-0.0012728961,-0.0012148953,-0.001152775,-0.0010869557,-0.0010178867,-0.0009460429,-0.00087191875,-0.00079602556,-0.00071888644,-0.0006410319,-0.0005629956,-0.0004853084,-0.0004084955,-0.00033307224,-0.00025953757,-0.00018837166,-0.00012003062,-5.49444e-05,6.4890337e-06,6.390386e-05,0.00011697337,0.00016540929,0.00020896559,0.00024743957,0.00028067507,0.00030856044,0.00033103244,0.0003480746,0.00035971723,0.0003660379,0.00036715894,0.00036324695,0.00035451062,0.0003411989,0.00032359807,0.0003020292,0.0002768442,0.0002484233,0.00021717159,0.0001835138,0.0001478915,0.00011075742,7.2572824e-05,3.3802484e-05,-5.089969e-06,-4.3646476e-05,-8.141798e-05,-0.000117970965,-0.00015288808,-0.0001857747,-0.00021626057,-0.00024400654,-0.0002687039,-0.00029007957,-0.00030789798,-0.00032196328,-0.0003321214,-0.00033826102,-0.00034031502
-0.00033279584,-0.00033560462,-0.00034400527,-0.00035792077,-0.00037722394,-0.00040173793,-0.00043123815,-0.0004654541,-0.00050407177,-0.0005467364,-0.00059305574,-0.0006426027,-0.00069492054,-0.0007495254,-0.0008059114,-0.0008635546,-0.0009219179,-0.0009804558,-0.0010386184,-0.0010958572,-0.0011516297,-0.0012054032,-0.0012566606,-0.0013049042,-0.0013496605,-0.0013904836,-0.00142696,-0.0014587118,-0.0014853997,-0.0015067259,-0.0015224374,-0.0015323277,-0.0015362382,-0.0015340605,-0.0015257358,-0.0015112577,-0.0014906697,-0.0014640667,-0.0014315929,-0.0013934412,-0.0013498515,-0.0013011083,-0.001247538,-0.0011895064,-0.001127416,-0.001061701,-0.0009928248,-0.00092127593,-0.0008475629,-0.0007722104,-0.0006957549,-0.00061873964,-0.0005417104,-0.00046520945,-0.00038977247,-0.00031592435,-0.00024417252,-0.00017500442,-0.00010888207,-4.623989e-05,1.2520999e-05,6.703341e-05,0.00011697061,0.00016204617,0.00020201744,0.00023668694,0.00026590528,0.00028956952,0.00030762656,0.00032007194,0.00032694952,0.0003283519,0.00032441795,0.0003153323,0.00030132296,0.00028265917,0.00025964875,0.00023263526,0.0002019938,0.00016812852,0.0001314689,9.246441e-05,5.1581555e-05,9.298004e-06,-3.3900178e-05,-7.752384e-05,-0.000121085264,-0.00016410307,-0.00020610566,-0.00024663797,-0.00028526218,-0.00032156453,-0.0003551569,-0.00038568384,-0.000412822,-0.0004362854,-0.00045582736,-0.00047124285,-0.00048237052,-0.00048909406,-0.000491343
-0.0002906748,-0.00029352293,-0.00030204115,-0.00031615127,-0.00033572398,-0.00036057972,-0.00039049017,-0.00042518065,-0.0004643321,-0.00050758425,-0.0005545387,-0.0006047619,-0.00065779017,-0.0007131323,-0.0007702751,-0.00082868704,-0.0008878233,-0.000947131,-0.0010060532,-0.0010640338,-0.0011205238,-0.0011749842,-0.0012268923,-0.0012757455,-0.0013210654,-0.0013624032,-0.0013993421,-0.0014315026,-0.0014585444,-0.00148017,-0.0014961273,-0.001506212,-0.001510269,-0.0015081939,-0.0014999337,-0.0014854877,-0.0014649073,-0.0014382954,-0.0014058056,-0.001367641,-0.0013240518,-0.0012753343,-0.0012218269,-0.0011639079,-0.0011019929,-0.0010365291,-0.0009679933,-0.0008968873,-0.0008237328,-0.00074906787,-0.0006734414,-0.0005974088,-0.0005215276,-0.00044635084,-0.00037242429,-0.00030028186,-0.00023043892,-0.00016338972,-9.960178e-05,-3.951369e-05,1.647073e-05,6.7983085e-05,0.00011469703,0.0001563281,0.00019263726,0.00022343235,0.0002485708,0.00026795844,0.00028155238,0.00028935994,0.00029143854,0.00028789556,0.0002788863,0.00026461313,0.00024532306,0.00022130532,0.00019288898,0.00016043958,0.00012435508,8.506305e-05,4.301691e-05,-1.3096151e-06,-4.742561e-05,-9.4828945e-05,-0.00014300931,-0.00019145363,-0.00023965065,-0.00028709613,-0.00033329646,-0.00037777552,-0.00042007543,-0.0004597637,-0.00049643475,-0.0005297172,-0.0005592734,-0.0005848048,-0.0006060538,-0.00062280643,-0.0006348943,-0.0006421959,-0.00064463797
-0.00024746888,-0.00025035554,-0.000258989,-0.00027328977,-0.00029312677,-0.0003183176,-0.00034863065,-0.00038378712,-0.00042346327,-0.00046729358,-0.0005148738,-0.00056576444,-0.0006194948,-0.00067556725,-0.00073346135,-0.00079263846,-0.00085254665,-0.00091262587,-0.0009723121,-0.0010310429,-0.0010882627,-0.0011434266,-0.0011960067,-0.0012454953,-0.0012914102,-0.0013332991,-0.0013707425,-0.0014033593,-0.0014308085,-0.0014527924,-0.0014690605,-0.0014794103,-0.0014836898,-0.0014817985,-0.001473689,-0.0014593662,-0.0014388888,-0.0014123674,-0.0013799646,-0.0013418926,-0.0012984124,-0.0012498307,-0.0011964977,-0.0011388031,-0.001077175,-0.0010120732,-0.00094398693,-0.0008734306,-0.0008009387,-0.0007270612,-0.00065235904,-0.00057739933,-0.00050275034,-0.00042897539,-0.0003566296,-0.0002862552,-0.00021837522,-0.00015349004,-9.207225e-05,-3.4564233e-05,1.8627747e-05,6.713449e-05,0.000110630164,0.00014883233,0.0001815057,0.00020846337,0.00022956947,0.00024473842,0.0002539372,0.0002571848,0.00025455153,0.00024615927,0.0002321791,0.00021283049,0.00018837884,0.00015913261,0.00012544131,8.769165e-05,4.6303572e-05,1.7272032e-06,-4.5561093e-05,-9.5064264e-05,-0.00014626795,-0.00019864656,-0.00025166647,-0.00030479173,-0.0003574884,-0.00040923042,-0.00045950297,-0.00050780975,-0.0005536737,-0.0005966444,-0.00063629943,-0.0006722523,-0.0007041516,-0.0007316865,-0.00075458916,-0.00077263714,-0.000785655,-0.00079351664,-0.0007961456
-0.00020471626,-0.00020763978,-0.00021638339,-0.00023086662,-0.00025095645,-0.00027646808,-0.00030716672,-0.00034276975,-0.00038294916,-0.00042733445,-0.0004755161,-0.00052704866,-0.0005814557,-0.00063823286,-0.0006968534,-0.000756772,-0.00081742986,-0.0008782607,-0.0009386938,-0.0009981606,-0.0010560998,-0.0011119607,-0.0011652107,-0.0012153377,-0.0012618552,-0.0013043083,-0.0013422751,-0.0013753728,-0.0014032591,-0.0014256375,-0.0014422579,-0.0014529198,-0.0014574741,-0.0014558244,-0.0014479277,-0.0014337947,-0.0014134906,-0.0013871335,-0.0013548939,-0.0013169928,-0.0012737007,-0.0012253349,-0.0011722555,-0.0011148638,-0.001053599,-0.0009889322,-0.00092136476,-0.00085142243,-0.00077965145,-0.0007066133,-0.0006328798,-0.00055902865,-0.00048563816,-0.00041328114,-0.00034252126,-0.00027390866,-0.0002079729,-0.00014522026,-8.612785e-05,-3.1141448e-05,1.9330633e-05,6.491852e-05,0.00010529696,0.00014018574,0.00016935308,0.00019261718,0.00020984867,0.00022097003,0.00022595774,0.00022484169,0.00021770457,0.00020468181,0.00018595939,0.00016177303,0.00013240529,9.8182856e-05,5.9474347e-05,1.6686543e-05,-2.9740091e-05,-7.9334226e-05,-0.00013159786,-0.0001860121,-0.00024204057,-0.00029913563,-0.00035674183,-0.00041430164,-0.00047126005,-0.00052707037,-0.0005811979,-0.0006331275,-0.0006823641,-0.0007284404,-0.00077091827,-0.00080939697,-0.0008435121,-0.0008729418,-0.00089740823,-0.00091668084,-0.0009305781,-0.0009389692,-0.0009417749
-0.00016394304,-0.00016690083,-0.00017574687,-0.0001903997,-0.00021072474,-0.00023653486,-0.00026759243,-0.0003036114,-0.00034425978,-0.00038916265,-0.00043790566,-0.0004900381,-0.0005450781,-0.00060251536,-0.0006618174,-0.0007224326,-0.00078379654,-0.0008453367,-0.0009064766,-0.000966642,-0.0010252662,-0.0010817939,-0.0011356876,-0.001186431,-0.001233535,-0.001276541,-0.0013150253,-0.0013486035,-0.0013769333,-0.0013997174,-0.0014167072,-0.001427704,-0.0014325608,-0.0014311854,-0.0014235387,-0.0014096366,-0.0013895503,-0.0013634041,-0.0013313764,-0.0012936961,-0.0012506424,-0.0012025413,-0.0011497629,-0.0010927184,-0.0010318572,-0.00096766104,-0.00090064167,-0.00083133555,-0.00076029927,-0.0006881044,-0.0006153331,-0.00054257247,-0.00047041,-0.00039942673,-0.00033019425,-0.0002632695,-0.00019918833,-0.00013846197,-8.157166e-05,-2.8966067e-05,1.8944687e-05,6.179023e-05,9.924602e-05,0.0001310339,0.00015692544,0.00017674362,0.00019036507,0.00019771977,0.00019879294,0.00019362452,0.00018230856,0.00016499299,0.00014187748,0.000113212554,7.929664e-05,4.0473024e-05,-2.8720824e-06,-5.0313654e-05,-0.00010139233,-0.0001556174,-0.00021247113,-0.00027141455,-0.00033189126,-0.00039333344,-0.00045516557,-0.0005168106,-0.00057769404,-0.0006372505,-0.0006949272,-0.0007501915,-0.0008025322,-0.0008514663,-0.0008965415,-0.00093734404,-0.00097349775,-0.0010046703,-0.001030575,-0.0010509741,-0.0010656802,-0.0010745581,-0.0010775265
-0.0001266062,-0.00012959477,-0.00013853285,-0.00015333813,-0.00017387455,-0.00019995302,-0.00023133337,-0.00026772657,-0.0003087971,-0.0003541662,-0.00040341524,-0.00045608883,-0.0005117002,-0.00056973426,-0.0006296529,-0.0006908996,-0.0007529044,-0.0008150895,-0.0008768734,-0.0009376768,-0.0009969285,-0.0010540687,-0.0011085559,-0.0011598705,-0.0012075199,-0.0012510435,-0.0012900153,-0.00132405,-0.0013528045,-0.0013759816,-0.0013933337,-0.0014046634,-0.0014098266,-0.0014087333,-0.0014013487,-0.0013876935,-0.0013678432,-0.0013419288,-0.0013101349,-0.0012726975,-0.001229903,-0.001182086,-0.0011296246,-0.001072939,-0.0010124875,-0.0009487611,-0.0008822807,-0.0008135921,-0.0007432612,-0.00067186845,-0.0006000047,-0.00052826555,-0.00045724632,-0.00038753555,-0.00031971151,-0.0002543373,-0.00019195385,-0.00013307705,-7.81915e-05,-2.7748421e-05,1.784056e-05,5.8204714e-05,9.302019e-05,0.00012201076,0.00014495105,0.00016166829,0.00017204453,0.00017601645,0.00017357705,0.00016477524,0.00014971517,0.00012855585,0.00010150915,6.883875e-05,3.085709e-05,-1.207774e-05,-5.9564e-05,-0.000111160414,-0.00016639094,-0.00022474767,-0.00028569534,-0.00034867736,-0.0004131194,-0.00047843583,-0.0005440335,-0.0006093179,-0.00067369745,-0.00073659,-0.000797427,-0.0008556603,-0.0009107642,-0.00096224213,-0.001009629,-0.0010524995,-0.0010904673,-0.0011231909,-0.0011503752,-0.0011717768,-0.0011872023,-0.0011965135,-0.0011996266
-9.4042385e-05,-9.705742e-05,-0.00010607464,-0.000121011035,-0.0001417293,-0.00016803865,-0.00019969682,-0.0002364122,-0.0002778463,-0.00032361716,-0.00037330238,-0.00042644286,-0.00048254756,-0.00054109714,-0.00060154917,-0.00066334265,-0.0007259029,-0.0007886479,-0.00085099175,-0.0009123511,-0.0009721506,-0.0010298267,-0.0010848346,-0.0011366517,-0.0011847832,-0.0012287658,-0.0012681724,-0.0013026162,-0.0013317539,-0.0013552884,-0.0013729727,-0.0013846108,-0.0013900604,-0.0013892342,-0.0013821006,-0.001368684,-0.0013490646,-0.0013233782,-0.0012918145,-0.0012546158,-0.0012120749,-0.001164533,-0.0011123755,-0.0010560299,-0.0009959623,-0.0009326712,-0.0008666853,-0.0007985585,-0.00072886405,-0.00065819046,-0.0005871356,-0.0005163023,-0.00044629234,-0.00037770063,-0.00031111113,-0.00024709202,-0.00018618864,-0.00012892054,-7.57753e-05,-2.7206144e-05,1.6373975e-05,5.4594173e-05,8.7131244e-05,0.00011371058,0.00013410949,0.00014815891,0.00015574542,0.00015681154,0.00015135687,0.00013943798,0.00012116762,9.6714284e-05,6.6300185e-05,3.0200215e-05,-1.1261247e-05,-5.771355e-05,-0.000108741704,-0.00016389067,-0.00022267015,-0.0002845577,-0.00034900315,-0.00041543486,-0.00048326334,-0.00055188785,-0.00062070024,-0.00068909116,-0.0007564545,-0.00082219404,-0.00088572747,-0.00094649394,-0.001003955,-0.0010576028,-0.0011069614,-0.001151596,-0.0011911107,-0.0012251567,-0.0012534326,-0.0012756886,-0.0012917279,-0.0013014085,-0.0013046449
-6.741815e-05,-7.04546e-05,-7.953588e-05,-9.457838e-05,-0.000115443836,-0.00014194011,-0.00017382324,-0.00021079955,-0.0002525283,-0.0002986247,-0.00034866363,-0.0004021828,-0.000458688,-0.0005176563,-0.0005785419,-0.0006407801,-0.0007037927,-0.0007669942,-0.00082979497,-0.0008916085,-0.0009518562,-0.0010099718,-0.0010654078,-0.0011176389,-0.0011661683,-0.0012105311,-0.001250299,-0.0012850845,-0.0013145434,-0.0013383792,-0.001356345,-0.0013682463,-0.0013739419,-0.0013733471,-0.0013664325,-0.0013532256,-0.00133381,-0.0013083254,-0.0012769662,-0.001239979,-0.0011976622,-0.0011503621,-0.0010984698,-0.0010424188,-0.0009826808,-0.00091976125,-0.00085419463,-0.00078654103,-0.00071738,-0.00064730615,-0.000576923,-0.00050683913,-0.0004376617,-0.00036999045,-0.00030441393,-0.00024150423,-0.00018181029,-0.00012585465,-7.412709e-05,-2.7082497e-05,1.4865262e-05,5.1345116e-05,8.20344e-05,0.00010665992,0.0001250011,0.00013689187,0.00014222253,0.0001409402,0.00013304988,0.00011861425,9.7753014e-05,7.064226e-05,3.751248e-05,-1.3523822e-06,-4.561839e-05,-9.490484e-05,-0.00014878606,-0.00020679604,-0.00026843307,-0.00033316296,-0.00040042365,-0.00046963146,-0.00054018473,-0.0006114706,-0.0006828689,-0.00075375836,-0.0008235213,-0.0008915501,-0.00095725176,-0.0010200547,-0.0010794108,-0.001134803,-0.0011857466,-0.0012317989,-0.0012725571,-0.0013076661,-0.0013368193,-0.0013597622,-0.0013762945,-0.001386272,-0.0013896076
-4.7687936e-05,-5.0740156e-05,-5.9868587e-05,-7.498915e-05,-9.5962896e-05,-0.00012259677,-0.00015464547,-0.00019181392,-0.00023375961,-0.00028009585,-0.00033039547,-0.00038419376,-0.00044099428,-0.00050027156,-0.0005614771,-0.00062404375,-0.0006873907,-0.0007509297,-0.00081406883,-0.0008762189,-0.00093679933,-0.0009952413,-0.0010509954,-0.0011035351,-0.0011523615,-0.0011970089,-0.0012370477,-0.0012720901,-0.0013017915,-0.0013258551,-0.0013440351,-0.0013561372,-0.0013620217,-0.0013616051,-0.0013548599,-0.0013418159,-0.0013225595,-0.0012972328,-0.0012660336,-0.0012292122,-0.0011870699,-0.0011399578,-0.0010882708,-0.0010324465,-0.0009729618,-0.00091032544,-0.0008450773,-0.00077778165,-0.0007090228,-0.0006393994,-0.0005695196,-0.0004999957,-0.000431439,-0.00036445266,-0.00029962856,-0.0002375418,-0.00017874376,-0.0001237591,-7.307927e-05,-2.7160393e-05,1.3583049e-05,4.8779904e-05,7.810794e-05,0.0001012949,0.00011812184,0.00012842487,0.00013209706,0.00012908892,0.000119409306,0.00010312546,8.036216e-05,5.1301e-05,1.6178601e-05,-2.471455e-05,-7.103747e-05,-0.00012240213,-0.00017837512,-0.00023848226,-0.0003022136,-0.00036902638,-0.00043834982,-0.0005095914,-0.0005821407,-0.00065537594,-0.0007286681,-0.00080138736,-0.00087290746,-0.00094261265,-0.0010099018,-0.0010741956,-0.0011349393,-0.0011916084,-0.0012437121,-0.0012908021,-0.0013324708,-0.0013683578,-0.0013981529,-0.0014215986,-0.0014384919,-0.0014486867,-0.0014520948
-3.5559395e-05,-3.8621263e-05,-4.777852e-05,-6.294687e-05,-8.398693e-05,-0.000110704976,-0.00014285509,-0.00018014114,-0.00022221963,-0.00026870277,-0.000319162,-0.00037313136,-0.00043011285,-0.00048957946,-0.00055098126,-0.0006137494,-0.0006773015,-0.0007410477,-0.00080439466,-0.0008667518,-0.0009275367,-0.0009861797,-0.0010421299,-0.0010948599,-0.00114387,-0.0011886932,-0.0012288999,-0.0012641017,-0.0012939537,-0.0013181595,-0.0013364732,-0.0013487011,-0.0013547041,-0.0013543998,-0.0013477618,-0.001334821,-0.0013156655,-0.0012904392,-0.0012593416,-0.0012226254,-0.0011805941,-0.0011336011,-0.0010820437,-0.0010263624,-0.00096703623,-0.00090457743,-0.00083952816,-0.0007724555,-0.00070394645,-0.0006346024,-0.000565034,-0.0004958562,-0.00042768253,-0.00036111838,-0.00029675753,-0.00023517682,-0.00017692937,-0.00012254095,-7.250406e-05,-2.7275513e-05,1.27297535e-05,4.7140617e-05,7.563501e-05,9.7941396e-05,0.00011384173,0.00012317355,0.00012583147,0.00012176818,0.00011099489,9.35816e-05,6.9656126e-05,3.9403516e-05,3.0640658e-06,-3.9067716e-05,-8.66466e-05,-0.00013928003,-0.0001965299,-0.00025791713,-0.00032292667,-0.00039101054,-0.00046159272,-0.00053407525,-0.00060784235,-0.0006822669,-0.0007567143,-0.00083054986,-0.0009031418,-0.0009738694,-0.0010421267,-0.00110733,-0.0011689196,-0.0012263675,-0.001279179,-0.0013269018,-0.0013691256,-0.0014054871,-0.0014356737,-0.0014594259,-0.0014765393,-0.0014868665,-0.0014903189
-3.1467614e-05,-3.4532713e-05,-4.3699692e-05,-5.888412e-05,-7.9946505e-05,-0.000106692896,-0.00013887712,-0.0001762028,-0.00021832602,-0.00026485862,-0.00031537158,-0.00036939856,-0.00042644102,-0.00048597148,-0.0005474394,-0.00061027537,-0.0006738967,-0.00073771283,-0.00080112985,-0.0008635568,-0.00092441076,-0.0009831216,-0.0010391382,-0.0010919324,-0.0011410044,-0.0011858873,-0.0012261509,-0.0012614066,-0.0012913098,-0.0013155638,-0.0013339231,-0.0013461937,-0.0013522373,-0.0013519712,-0.0013453697,-0.0013324644,-0.0013133434,-0.0012881515,-0.0012570887,-0.0012204085,-0.0011784154,-0.001131463,-0.00107995,-0.0010243175,-0.0009650454,-0.0009026469,-0.00083766517,-0.0007706684,-0.0007022439,-0.0006329946,-0.00056353165,-0.00049447094,-0.00042642665,-0.00036000507,-0.00029580065,-0.00023439075,-0.00017632896,-0.00012214159,-7.232142e-05,-2.7325514e-05,1.2431119e-05,4.6577217e-05,7.479092e-05,9.6800824e-05,0.00011238927,0.0001213942,0.00012371084,0.00011929251,0.000108151275,9.035804e-05,6.604167e-05,3.5388337e-05,-1.3604003e-06,-4.39087e-05,-9.190988e-05,-0.00014496995,-0.0002026491,-0.00026446668,-0.00032990592,-0.0003984171,-0.0004694224,-0.0005423221,-0.0006164985,-0.0006913227,-0.00076615857,-0.00084036915,-0.0009133213,-0.0009843926,-0.0010529752,-0.0011184842,-0.0011803581,-0.0012380679,-0.0012911169,-0.0013390526,-0.0013814627,-0.0014179837,-0.0014483018,-0.0014721571,-0.0014893444,-0.0014997162,-0.0015031834
