sample_id,point_id,x,y,tx,ty,mask,w_pred,kappa_meas,kappa_pred,w_xx,w_xy,w_yy,w_true
5,0,0.0,0.1001001,0.0,1.0,1.0,-0.0006643124,-1.425234e-07,0.016079973,0.03326138,0.0,0.016079973,-0.001385987
5,1,0.0,0.2002002,0.0,1.0,1.0,-0.00039312607,-9.634393e-08,-0.0049371547,-0.113313355,0.0,-0.0049371547,-0.001263085
5,2,0.0,0.3003003,0.0,1.0,1.0,-0.000166868,2.006358e-07,-0.020765958,-0.2860155,0.0,-0.020765958,-0.001140356
5,3,0.0,0.4004004,0.0,1.0,1.0,-0.00013353059,1.62431e-07,-0.019240802,-0.42550534,0.0,-0.019240802,-0.001017671
5,4,0.0,0.5005005,0.0,1.0,1.0,-0.00027966715,1.854219e-07,-0.0024495055,-0.5083289,0.0,-0.0024495055,-0.0008949995
5,5,0.0,0.6006006,0.0,1.0,1.0,-0.00044959044,-2.009814e-07,0.015233117,-0.5505835,0.0,0.015233117,-0.0007723227
5,6,0.0,0.7007007,0.0,1.0,1.0,-0.0004789391,-1.259987e-06,0.019128786,-0.58379006,0.0,0.019128786,-0.0006496665
5,7,0.0,0.8008008,0.0,1.0,1.0,-0.0003312134,1.009828e-06,0.006324416,-0.62493676,0.0,0.006324416,-0.0005270388
5,8,0.0,0.9009009,0.07087395,-0.9974853,1.0,-0.00012503445,-5.736758e-07,-0.015391836,-0.6648283,0.0,-0.012113172,-0.0004045677
5,9,0.05,0.0970971,0.07087395,-0.9974853,1.0,-0.0006052508,-5.226379e-08,0.012765141,0.116430566,-0.041592646,0.0063312547,-0.0009264255
5,10,0.05,0.1971972,0.0,1.0,1.0,-0.0004951291,-2.012228e-08,-0.0072328676,0.06566173,-0.06504163,-0.0072328676,-0.0008445211
5,11,0.05,0.2972973,0.0,1.0,1.0,-0.0004536685,-4.379269e-09,-0.016418707,0.010683887,-0.06142214,-0.016418707,-0.0007627098
5,12,0.05,0.3973974,0.0,1.0,1.0,-0.0005654342,-1.233979e-09,-0.012681647,-0.023186583,-0.03964758,-0.012681647,-0.0006809188
5,13,0.05,0.4974975,0.0,1.0,1.0,-0.00079484703,-4.005134e-10,0.0018289776,-0.026914319,-0.017094078,0.0018289776,-0.0005991327
5,14,0.05,0.5975976,0.0,1.0,1.0,-0.0010063774,1.875236e-10,0.015809985,-0.009964749,-0.006548088,0.015809985,-0.000517348
5,15,0.05,0.6976977,0.0,1.0,1.0,-0.001069759,-4.723697e-09,0.0180167,0.010085048,-0.008260997,0.0180167,-0.0004355667
5,16,0.05,0.7977978,0.0,1.0,1.0,-0.0009645268,-1.647502e-08,0.006572308,0.021198,-0.012634805,0.006572308,-0.0003538032
5,17,0.05,0.8978979,0.42300138,0.90612906,1.0,-0.0007973395,-7.685689e-08,-0.011394073,0.023066582,-0.010247131,-0.009336667,-0.0002721208
5,18,0.1,0.9049049,0.47316745,-0.8809725,1.0,-0.0014017242,-8.771335e-08,0.15421881,0.6998424,-0.0043272544,-0.007827121,-0.0001331867
5,19,0.1,0.8048048,0.0,-1.0,1.0,-0.0015257522,-7.114708e-09,0.0030629702,0.68530405,-0.0007562083,0.0030629702,-0.0001740432
5,20,0.1,0.7047047,0.0,-1.0,1.0,-0.0016195287,-1.240408e-09,0.013467536,0.6560355,0.010633061,0.013467536,-0.0002149327
5,21,0.1,0.6046046,0.0,-1.0,1.0,-0.0015843296,-6.765269e-11,0.016992263,0.60617787,0.01913796,0.016992263,-0.0002558282
5,22,0.1,0.5045045,0.0,-1.0,1.0,-0.0013861409,-2.614026e-10,0.01209389,0.53117776,0.012647776,0.01209389,-0.0002967251
5,23,0.1,0.4044044,0.0,-1.0,1.0,-0.0010708054,-1.004202e-10,0.0024652425,0.43200243,-0.010687135,0.0024652425,-0.000337623
5,24,0.1,0.3043043,0.0,-1.0,1.0,-0.000729929,-9.065539e-10,-0.0062877024,0.3186813,-0.038270563,-0.0062877024,-0.0003785215
5,25,0.1,0.2042042,0.0,-1.0,1.0,-0.00044832035,-6.386669e-09,-0.010787709,0.21045053,-0.050823327,-0.010787709,-0.0004194251
5,26,0.1,0.1041041,0.4103647,-0.9119215,1.0,-0.00027160475,-3.330236e-08,0.039909553,0.13102746,-0.03670112,-0.011572834,-0.0004603607
5,27,0.15,0.09309309,0.4894236,0.8720462,1.0,0.00034646745,7.686151e-08,-0.046198495,-0.10527652,-0.0073174746,-0.019376103,-8.089728e-08
5,28,0.15,0.1931932,0.0,1.0,1.0,6.0816186e-05,-3.321746e-11,-0.008359574,-0.052587673,-0.002378527,-0.008359574,-7.154339e-08
5,29,0.15,0.2932933,0.0,1.0,1.0,-0.00030711782,1.24163e-10,0.004417725,0.02678603,0.017781856,0.004417725,-6.275835e-08
5,30,0.15,0.3933934,0.0,1.0,1.0,-0.00063411565,1.2988e-10,0.013354488,0.112602234,0.04075408,0.013354488,-5.366637e-08
5,31,0.15,0.4934935,0.0,1.0,1.0,-0.00083312276,-2.308755e-10,0.015517549,0.17591554,0.04928495,0.015517549,-4.426376e-08
5,32,0.15,0.5935936,0.0,1.0,1.0,-0.0008818047,-1.846594e-10,0.011625712,0.19036107,0.035645343,0.011625712,-3.567392e-08
5,33,0.15,0.6936937,0.0,1.0,1.0,-0.0008164556,-5.621351e-11,0.004791517,0.14783224,0.008565703,0.004791517,-2.780282e-08
5,34,0.15,0.7937938,0.0,1.0,1.0,-0.0007027552,-2.688086e-10,-0.0017143327,0.06756238,-0.013228529,-0.0017143327,-2.02525e-08
5,35,0.15,0.8938939,0.39839074,0.9172158,1.0,-0.000604304,-1.285266e-10,-0.018203948,-0.0101817995,-0.015805954,-0.0059868232,-1.381166e-08
5,36,0.2,0.9089089,0.50664324,-0.8621558,1.0,0.00016698774,-6.387669e-08,-0.13646664,-0.7190895,-0.049280345,0.0068110228,0.0001315283
5,37,0.2,0.8088088,0.0,-1.0,1.0,0.00027376215,6.319544e-09,-0.005473273,-0.63150567,-0.07189681,-0.005473273,0.0001723693
5,38,0.2,0.7087087,0.0,-1.0,1.0,0.0003293794,1.02448e-09,-0.013518175,-0.52018505,-0.049689066,-0.013518175,0.0002132433
5,39,0.2,0.6086086,0.0,-1.0,1.0,0.00026062253,3.512256e-11,-0.008902164,-0.42117402,-0.0005806992,-0.008902164,0.0002541229
5,40,0.2,0.5085085,0.0,-1.0,1.0,0.00011166016,4.154645e-12,0.005954649,-0.35300067,0.04173409,0.005954649,0.0002950031
5,41,0.2,0.4084084,0.0,-1.0,1.0,2.0992273e-05,1.627506e-10,0.019171627,-0.3120576,0.053188115,0.019171627,0.0003358829
5,42,0.2,0.3083083,0.0,-1.0,1.0,0.00011075847,7.838232e-10,0.018976139,-0.28337783,0.035129625,0.018976139,0.0003767632
5,43,0.2,0.2082082,0.0,-1.0,1.0,0.00037747622,5.614491e-09,0.0036590453,-0.25640425,0.009018766,0.0036590453,0.0004176482
5,44,0.2,0.1081081,0.3870349,-0.9220651,1.0,0.0006767088,3.095161e-08,-0.04598157,-0.23292094,-0.003978432,-0.016384915,0.0004585624
5,45,0.25,0.08908909,0.52488863,0.8511709,1.0,0.00059255643,2.202849e-07,-0.028499944,-0.012771968,-0.010592445,-0.02141693,0.0009328235
5,46,0.25,0.1891892,0.0,1.0,1.0,0.00027422165,2.182908e-08,0.0076503605,-0.014971372,-0.008559576,0.0076503605,0.0008509237
5,47,0.25,0.2892893,0.0,1.0,1.0,2.64158e-05,4.15957e-09,0.02968804,-0.03787908,0.008965172,0.02968804,0.0007691296
5,48,0.25,0.3893894,0.0,1.0,1.0,5.282386e-05,1.272872e-09,0.025119392,-0.08779911,0.024912417,0.025119392,0.0006873561
5,49,0.25,0.4894895,0.0,1.0,1.0,0.0003100973,1.384246e-10,-0.003244116,-0.14659274,0.018005883,-0.003244116,0.0006055853
5,50,0.25,0.5895896,0.0,1.0,1.0,0.0005344787,7.526817e-10,-0.03198485,-0.17924516,-0.017192325,-0.03198485,0.0005238162
5,51,0.25,0.6896897,0.0,1.0,1.0,0.00045972836,2.960594e-09,-0.036224484,-0.1591982,-0.061772265,-0.036224484,0.0004420509
5,52,0.25,0.7897898,0.0,1.0,1.0,4.824229e-05,1.454845e-08,-0.010413693,-0.09174178,-0.084044494,-0.010413693,0.0003603003
5,53,0.25,0.8898899,-0.268305,-0.963334,1.0,-0.00045788748,6.930628e-08,-0.009206977,-0.015428446,-0.0631971,0.026478583,0.0002786201
5,54,0.03003003,0.0,-0.20874017,-0.97797114,1.0,-0.0007416193,2.282744e-08,0.024440028,0.11207825,0.0,0.02044745,-0.001207268
5,55,0.06006006,0.0,1.0,0.0,1.0,-0.00059680536,4.03585e-07,0.14441484,0.14441484,0.0,0.0075140893,-0.000904951
5,56,0.09009009,0.0,1.0,0.0,1.0,-0.00032575626,-6.956562e-07,0.12525886,0.12525886,0.0,-0.007135692,-0.0006027673
5,57,0.1201201,0.0,1.0,0.0,1.0,5.1704003e-05,-1.005648e-07,0.022985883,0.022985883,0.0,-0.018004242,-0.0003006581
5,58,0.1501502,0.0,1.0,0.0,1.0,0.00044642345,8.484624e-09,-0.122593105,-0.122593105,0.0,-0.023339147,1.419845e-06
5,59,0.1801802,0.0,1.0,0.0,1.0,0.00073420076,2.886434e-07,-0.2210473,-0.2210473,0.0,-0.025316084,0.0003034976
5,60,0.2102102,0.0,1.0,0.0,1.0,0.0008319359,7.187506e-07,-0.20018151,-0.20018151,0.0,-0.027385466,0.0006056111
5,61,0.2402402,0.0,1.0,0.0,1.0,0.0007578753,4.905593e-07,-0.06774154,-0.06774154,0.0,-0.031138863,0.0009077898
5,62,0.2702703,0.0,0.9221145,0.3869172,1.0,0.00062443316,-1.088018e-06,0.068134986,0.08633352,0.0,-0.035229195,0.001210108
5,63,0.3,0.02507508,-0.98321676,0.18244131,1.0,0.00055042625,1.419017e-06,0.14779404,0.1541183,-1.1901066e-10,-0.03588616,0.001478421
5,64,0.0,0.05015015,-0.99579304,0.09163061,1.0,-0.0007526855,9.096834e-06,0.0756218,0.076066546,0.0,0.023096923,-0.001447544
5,65,0.02912913,0.05,0.9999968,-0.0025380603,1.0,-0.00071877765,-5.411744e-08,0.09979641,0.09971709,-0.015728021,0.01852689,-0.001166517
5,66,0.05915916,0.05,1.0,0.0,1.0,-0.0005932709,-1.490948e-07,0.1413458,0.1413458,-0.024180073,0.006550817,-0.0008766594
5,67,0.08918919,0.05,1.0,0.0,1.0,-0.00034421156,-9.354333e-08,0.1325714,0.1325714,-0.022023024,-0.0071557923,-0.0005868541
5,68,0.1192192,0.05,1.0,0.0,1.0,1.7426035e-05,-4.50642e-08,0.035211727,0.035211727,-0.013201782,-0.017306868,-0.000297083
5,69,0.1492492,0.05,1.0,0.0,1.0,0.00040672024,-1.265861e-09,-0.11347382,-0.11347382,-0.0049262387,-0.022091122,-7.3288e-06
5,70,0.1792793,0.05,1.0,0.0,1.0,0.0006969234,4.291154e-08,-0.2198458,-0.2198458,-0.002135646,-0.023467787,0.0002824249
5,71,0.2093093,0.05,1.0,0.0,1.0,0.00079828704,9.116122e-08,-0.20540209,-0.20540209,-0.0042836624,-0.02474859,0.0005721943
5,72,0.2393393,0.05,1.0,0.0,1.0,0.00072361855,1.441384e-07,-0.07339053,-0.07339053,-0.0067548566,-0.027625829,0.0008619971
5,73,0.2693694,0.05,0.7700928,0.6379319,1.0,0.0005849013,1.658585e-07,0.032903768,0.085711636,-0.005385802,-0.031047935,0.001151851
5,74,0.3,0.1002503,0.042004894,0.99911743,1.0,0.00039058612,-1.138496e-05,-0.020153526,0.17220199,-7.938056e-10,-0.020493519,0.00138564
5,75,0.2714715,0.1,-0.9999909,-0.004274312,1.0,0.00045660784,-1.373322e-07,0.1037507,0.10382684,-0.008642947,-0.019850317,0.001122303
5,76,0.2414414,0.1,-1.0,0.0,1.0,0.0006075062,6.861081e-08,-0.06370777,-0.06370777,-0.011071373,-0.018325174,0.0008447985
5,77,0.2114114,0.1,-1.0,0.0,1.0,0.00070285145,5.554325e-08,-0.20718098,-0.20718098,-0.0064188037,-0.017612804,0.0005673173
5,78,0.1813814,0.1,-1.0,0.0,1.0,0.00062124094,3.006478e-08,-0.22453395,-0.22453395,-0.002136183,-0.018303365,0.0002898558
5,79,0.1513514,0.1,-1.0,0.0,1.0,0.00034745978,2.578908e-10,-0.10982375,-0.10982375,-0.0070054643,-0.018822426,1.240496e-05
5,80,0.1213213,0.1,-1.0,0.0,1.0,-2.194653e-05,-2.823616e-08,0.049313404,0.049313404,-0.022574812,-0.016296152,-0.0002650456
5,81,0.09129129,0.1,-1.0,0.0,1.0,-0.0003518439,-5.573424e-08,0.14604133,0.14604133,-0.040002115,-0.008947615,-0.0005425061
5,82,0.06126126,0.1,-1.0,0.0,1.0,-0.00055829907,-6.900638e-08,0.13789234,0.13789234,-0.045608465,0.0018742238,-0.000819986
5,83,0.03123123,0.1,-0.77254903,0.6349551,1.0,-0.0006449168,-4.391663e-08,0.07828483,0.07181467,-0.031244192,0.011833434,-0.00109749
5,84,0.0,0.1503504,-0.06592229,0.9978248,1.0,-0.0005356122,1.079776e-05,0.0058160685,-0.03271599,0.0,0.0059842495,-0.001324248
5,85,0.02792793,0.15,0.9999817,-0.006045651,1.0,-0.0005459957,2.427219e-07,0.014545007,0.014080748,-0.038428005,0.0037724425,-0.00107804
5,86,0.05795796,0.15,1.0,0.0,1.0,-0.0005378639,-3.357434e-08,0.11983385,0.11983385,-0.060453407,-0.0024847088,-0.0008128414
5,87,0.08798799,0.15,1.0,0.0,1.0,-0.00042560813,-3.20134e-08,0.17498241,0.17498241,-0.05487184,-0.009373594,-0.0005476549
5,88,0.118018,0.15,1.0,0.0,1.0,-0.00016557486,-1.892176e-08,0.102713525,0.102713525,-0.031105826,-0.013591839,-0.0002824797
5,89,0.148048,0.15,1.0,0.0,1.0,0.00017934223,-9.29019e-10,-0.067532405,-0.067532405,-0.007728801,-0.0137979165,-1.731135e-05
5,90,0.1780781,0.15,1.0,0.0,1.0,0.0004649926,1.682699e-08,-0.21625255,-0.21625255,0.0016322103,-0.011024599,0.0002478565
5,91,0.2081081,0.15,1.0,0.0,1.0,0.00056631054,3.017063e-08,-0.22835779,-0.22835779,-0.0029363488,-0.00750561,0.0005130302
5,92,0.2381381,0.15,1.0,0.0,1.0,0.0004735599,3.247557e-08,-0.089148074,-0.089148074,-0.010455747,-0.004993365,0.0007782145
5,93,0.2681682,0.15,0.7749619,0.63200796,1.0,0.00030420296,1.424827e-08,0.04754143,0.09822588,-0.010105885,-0.0038812899,0.00104341
5,94,0.3,0.2004505,0.08972662,0.99596643,1.0,2.9543211e-05,-1.1385e-05,0.015915215,0.20885062,-3.1131593e-09,0.014349312,0.001262632
5,95,0.2726727,0.2,-0.9999692,-0.007854019,1.0,0.00010404126,-3.301185e-07,0.13108757,0.13120292,-0.0068806238,0.013182034,0.001033035
5,96,0.2426426,0.2,-1.0,0.0,1.0,0.00028488736,1.549199e-08,-0.068370566,-0.068370566,-0.0060184384,0.009820606,0.0007801248
5,97,0.2126126,0.2,-1.0,0.0,1.0,0.0004069334,1.656681e-08,-0.23161656,-0.23161656,0.0033338503,0.0045493366,0.0005272198
5,98,0.1825826,0.2,-1.0,0.0,1.0,0.00033308583,1.049754e-08,-0.22955245,-0.22955245,0.00979716,-0.001607728,0.0002743206
5,99,0.1525526,0.2,-1.0,0.0,1.0,6.491949e-05,1.205277e-09,-0.065634616,-0.065634616,0.00030417927,-0.0070947343,2.142511e-05
5,100,0.1225225,0.2,-1.0,0.0,1.0,-0.00025994802,-8.992807e-09,0.13040559,0.13040559,-0.026929133,-0.01036545,-0.00023147
5,101,0.09249249,0.2,-1.0,0.0,1.0,-0.00047635578,-1.62698e-08,0.21050054,0.21050054,-0.057544522,-0.010697257,-0.0004843684
5,102,0.06246246,0.2,-1.0,0.0,1.0,-0.00051570375,-1.756805e-08,0.12822449,0.12822449,-0.06957548,-0.00871611,-0.0007372726
5,103,0.03243243,0.2,-0.7773316,0.6290911,1.0,-0.00044518814,-1.489828e-08,0.029351527,-0.027701609,-0.049617887,-0.006158982,-0.000990183
5,104,0.0,0.2505506,-0.11337818,0.9935519,1.0,-0.00026145775,1.218802e-05,-0.016974464,-0.2011997,0.0,-0.014575482,-0.001201341
5,105,0.02672673,0.25,0.999953,-0.009700591,1.0,-0.00032940228,4.250415e-07,-0.120785244,-0.121635914,-0.04332739,-0.014178638,-0.0009878526
5,106,0.05675676,0.25,1.0,0.0,1.0,-0.0004945293,-7.497632e-09,0.08441224,0.08441224,-0.06913251,-0.01301961,-0.0007472187
5,107,0.08678679,0.25,1.0,0.0,1.0,-0.00058720977,-8.528721e-09,0.24354768,0.24354768,-0.060586452,-0.010748182,-0.0005065872
5,108,0.1168168,0.25,1.0,0.0,1.0,-0.00047491543,-5.743845e-09,0.21618485,0.21618485,-0.028233523,-0.0070214616,-0.0002659588
5,109,0.1468468,0.25,1.0,0.0,1.0,-0.00018128216,-5.304794e-10,0.015641375,0.015641375,0.0050450973,-0.0015983387,-2.533229e-05
5,110,0.1768769,0.25,1.0,0.0,1.0,0.00012516076,4.985342e-09,-0.20130545,-0.20130545,0.020939115,0.0054002767,0.0002152941
5,111,0.2069069,0.25,1.0,0.0,1.0,0.00026228058,8.753021e-09,-0.26275474,-0.26275474,0.017116975,0.013279795,0.0004559222
5,112,0.2369369,0.25,1.0,0.0,1.0,0.00017824612,9.299457e-09,-0.12314088,-0.12314088,0.0051534986,0.020770093,0.0006965534
5,113,0.266967,0.25,0.77965987,0.62620324,1.0,-1.0351738e-05,7.045477e-09,0.06878215,0.09905626,-0.0017944761,0.026320545,0.0009371878
5,114,0.3,0.3006507,0.13683859,0.9905934,1.0,-0.00019881055,-1.169534e-05,0.039614435,0.22020338,-6.4337637e-09,0.036168415,0.00113981
5,115,0.2738739,0.3,-0.9999329,-0.011586545,1.0,-0.00012811903,-5.039267e-07,0.13625357,0.13617933,0.0037929583,0.034545287,0.0009419294
5,116,0.2438438,0.3,-1.0,0.0,1.0,5.1753712e-05,5.713619e-09,-0.091567986,-0.091567986,0.013769991,0.029334491,0.0007135649
5,117,0.2138138,0.3,-1.0,0.0,1.0,0.00015312788,5.621526e-09,-0.2672288,-0.2672288,0.027943596,0.02191136,0.0004852024
5,118,0.1837838,0.3,-1.0,0.0,1.0,3.0078067e-05,3.760335e-09,-0.2322074,-0.2322074,0.0349092,0.013856859,0.0002568419
5,119,0.1537538,0.3,-1.0,0.0,1.0,-0.00028700792,8.901714e-10,-0.0018925536,-0.0018925536,0.022546316,0.0061187698,2.848269e-05
5,120,0.1237237,0.3,-1.0,0.0,1.0,-0.00060458796,-1.947252e-09,0.24355265,0.24355265,-0.009649937,-0.0011282421,-0.0001998762
5,121,0.09369369,0.3,-1.0,0.0,1.0,-0.00071689155,-3.698608e-09,0.30603242,0.30603242,-0.046096697,-0.007979634,-0.0004282358
5,122,0.06366366,0.3,-1.0,0.0,1.0,-0.0005716932,-3.478685e-09,0.13328084,0.13328084,-0.06375313,-0.014148648,-0.0006565967
5,123,0.03363363,0.3,-0.7819469,0.6233451,1.0,-0.00031388667,-1.614051e-09,-0.043290123,-0.13596846,-0.048348434,-0.018750533,-0.0008849587
5,124,0.0,0.3507508,-0.160071,0.9871055,1.0,-0.0001225014,1.150133e-05,-0.031137902,-0.36299053,0.0,-0.022411335,-0.001078521
5,125,0.02552553,0.35,0.9999087,-0.013513165,1.0,-0.00023471133,5.99993e-07,-0.25484014,-0.25577855,-0.033137344,-0.020698754,-0.0008957621
5,126,0.05555556,0.35,1.0,0.0,1.0,-0.00055765046,-1.62516e-09,0.05121073,0.05121073,-0.052464418,-0.01489573,-0.0006796685
5,127,0.08558559,0.35,1.0,0.0,1.0,-0.0008372918,-1.673322e-09,0.32169855,0.32169855,-0.0409365,-0.0067981053,-0.0004635755
5,128,0.1156156,0.35,1.0,0.0,1.0,-0.00084598176,-1.012105e-09,0.34827355,0.34827355,-0.0073026423,0.0016065468,-0.0002474831
5,129,0.1456456,0.35,1.0,0.0,1.0,-0.00056052953,3.094749e-10,0.120729685,0.120729685,0.027658295,0.009202536,-3.139102e-05
5,130,0.1756757,0.35,1.0,0.0,1.0,-0.0001712522,1.905657e-09,-0.17178008,-0.17178008,0.045967504,0.01595828,0.0001847012
5,131,0.2057057,0.35,1.0,0.0,1.0,7.611865e-05,3.392991e-09,-0.29944313,-0.29944313,0.04326655,0.022276755,0.0004007941
5,132,0.2357357,0.35,1.0,0.0,1.0,7.2963594e-05,4.639394e-09,-0.17913155,-0.17913155,0.028219873,0.028111463,0.0006168882
5,133,0.2657658,0.35,0.7841943,0.62051535,1.0,-8.212782e-05,5.634952e-09,0.06394985,0.06361748,0.012606043,0.032618202,0.0008329839
5,134,0.3,0.4008509,-0.38284305,0.9238134,1.0,-9.386198e-05,-1.147037e-05,0.04815862,0.1890575,-8.12621e-09,0.023960551,0.001017023
5,135,0.245045,0.4,-0.9999499,-0.010011854,1.0,9.225245e-05,3.021056e-09,-0.13552019,-0.13610813,0.028568119,0.022716956,0.0006450568
5,136,0.215015,0.4,-1.0,0.0,1.0,0.000108663575,2.105742e-09,-0.3111088,-0.3111088,0.046302564,0.020924356,0.0004412299
5,137,0.184985,0.4,-1.0,0.0,1.0,-0.00013588519,1.352849e-09,-0.23695298,-0.23695298,0.05522479,0.01840209,0.0002374038
5,138,0.154955,0.4,-1.0,0.0,1.0,-0.00057645346,5.266998e-10,0.06112113,0.06112113,0.04553116,0.014539391,3.357816e-05
5,139,0.1249249,0.4,-1.0,0.0,1.0,-0.00096182304,-1.944981e-10,0.35911506,0.35911506,0.017001096,0.008600839,-0.0001702473
5,140,0.09489489,0.4,-1.0,0.0,1.0,-0.001042423,-5.423796e-10,0.41336706,0.41336706,-0.017355692,0.0005405132,-0.0003740728
5,141,0.06486486,0.4,-1.0,0.0,1.0,-0.00077411457,-3.169061e-10,0.16349223,0.16349223,-0.038165797,-0.008382723,-0.0005778985
5,142,0.03483483,0.4,-0.7864022,0.61771476,1.0,-0.00036804663,4.391174e-10,-0.10357387,-0.2093733,-0.03286823,-0.015788447,-0.0007817244
5,143,0.0,0.450951,0.3636609,0.93153137,1.0,-0.0001925468,1.151092e-05,-0.07307077,-0.47414494,0.0,-0.011945197,-0.0009557188
5,144,0.05435435,0.45,0.9999365,-0.011269143,1.0,-0.00074676855,7.107721e-10,0.03423703,0.033640277,-0.026695495,-0.0047884835,-0.0006101639
5,145,0.08438438,0.45,1.0,0.0,1.0,-0.0011400455,-3.684011e-10,0.39624915,0.39624915,-0.012736749,0.0030526498,-0.0004186047
5,146,0.1144144,0.45,1.0,0.0,1.0,-0.0011986316,-3.351981e-10,0.4703609,0.4703609,0.016514976,0.010341089,-0.0002270457
5,147,0.1444444,0.45,1.0,0.0,1.0,-0.00085842435,3.86389e-11,0.22050467,0.22050467,0.044469595,0.0149664935,-3.548672e-05
5,148,0.1744745,0.45,1.0,0.0,1.0,-0.00032808442,4.891295e-10,-0.14173257,-0.14173257,0.056926094,0.016122323,0.0001560722
5,149,0.2045045,0.45,1.0,0.0,1.0,8.758571e-05,7.752774e-10,-0.33796585,-0.33796585,0.050834533,0.01438181,0.0003476314
5,150,0.2345345,0.45,1.0,0.0,1.0,0.00022097249,2.967844e-10,-0.24855822,-0.24855822,0.03384412,0.011213485,0.0005391908
5,151,0.2645646,0.45,0.7885724,0.614942,1.0,0.0001428051,-2.566133e-09,0.019760955,0.001525633,0.01616689,0.008284324,0.0007307502
5,152,0.3,0.5010511,-0.34400743,0.93896693,1.0,0.00022885948,-1.172843e-05,0.005340525,0.15072395,-5.6224474e-09,-0.014173642,0.0008942339
5,153,0.2462462,0.5,-0.9999213,-0.012544397,1.0,0.00034692104,-4.294298e-10,-0.18479796,-0.18526243,0.017388936,-0.0057739345,0.0005745879
5,154,0.2162162,0.5,-1.0,0.0,1.0,0.0002685905,-1.597268e-10,-0.36429608,-0.36429608,0.034952667,0.0028316616,0.0003952957
5,155,0.1861862,0.5,-1.0,0.0,1.0,-0.00011610317,-2.029569e-11,-0.26159018,-0.26159018,0.049834155,0.010645478,0.0002160035
5,156,0.1561562,0.5,-1.0,0.0,1.0,-0.000716635,-1.506612e-10,0.095194355,0.095194355,0.051072404,0.015068612,3.671125e-05
5,157,0.1261261,0.5,-1.0,0.0,1.0,-0.0012314683,-4.436782e-10,0.44845122,0.44845122,0.034665905,0.014987956,-0.0001425811
5,158,0.0960961,0.5,-1.0,0.0,1.0,-0.0013643985,-8.073426e-10,0.513779,0.513779,0.008479069,0.011051875,-0.0003218735
5,159,0.06606607,0.5,-1.0,0.0,1.0,-0.0010624214,-1.219013e-09,0.2167388,0.2167388,-0.012271643,0.0052472753,-0.0005011663
5,160,0.03603604,0.5,-0.7907047,0.6121977,1.0,-0.00057704217,-1.065859e-09,-0.13052845,-0.23352218,-0.015962228,5.1450894e-05,-0.0006804594
5,161,0.0,0.5511512,0.32388836,0.9460953,1.0,-0.00037470795,1.212138e-05,-0.04920207,-0.5327712,0.0,0.0074713593,-0.0008329299
5,162,0.05315315,0.55,0.9999043,-0.013838011,1.0,-0.0009726634,-2.703894e-09,0.032811493,0.032564607,-0.009074748,0.010400248,-0.0005386985
5,163,0.08318318,0.55,1.0,0.0,1.0,-0.0014076493,-1.302143e-09,0.45967785,0.45967785,0.005518647,0.013703446,-0.0003716719
5,164,0.1132132,0.55,1.0,0.0,1.0,-0.0014535297,-8.120886e-10,0.5627543,0.5627543,0.027709503,0.015919667,-0.0002046458
5,165,0.1432432,0.55,1.0,0.0,1.0,-0.0010216766,-4.626101e-10,0.28586212,0.28586212,0.04290035,0.014799863,-3.762004e-05
5,166,0.1732733,0.55,1.0,0.0,1.0,-0.00034349796,-2.262871e-10,-0.1387239,-0.1387239,0.04118067,0.008718993,0.0001294056
5,167,0.2033033,0.55,1.0,0.0,1.0,0.00022337845,-2.338117e-10,-0.38928807,-0.38928807,0.024884393,-0.0021912972,0.0002964311
5,168,0.2333333,0.55,1.0,0.0,1.0,0.00046478212,-5.066643e-10,-0.314993,-0.314993,0.006167002,-0.015492098,0.0004634565
5,169,0.2633634,0.55,0.79280084,0.6094808,1.0,0.00043752472,-3.105456e-10,-0.040937334,-0.04423196,-0.0031926744,-0.027056789,0.0006304818
5,170,0.3,0.6012513,-0.3033232,0.9528877,1.0,0.00041409855,-1.085185e-05,-0.026484633,0.1726996,9.885434e-10,-0.046667498,0.0007714521
5,171,0.2474474,0.6,-0.9998852,-0.015150364,1.0,0.000548473,-9.715099e-10,-0.2070213,-0.20640194,-0.02175843,-0.03268824,0.0005021579
5,172,0.2174174,0.6,-1.0,0.0,1.0,0.0004624208,1.109484e-10,-0.42627266,-0.42627266,-0.009517813,-0.017074104,0.0003473988
5,173,0.1873874,0.6,-1.0,0.0,1.0,1.7028957e-05,9.157597e-11,-0.3272475,-0.3272475,0.014051906,-0.0018397111,0.0001926398
5,174,0.1573574,0.6,-1.0,0.0,1.0,-0.00069960987,-3.705478e-10,0.07421374,0.07421374,0.032178532,0.009315582,3.788081e-05
5,175,0.1273273,0.6,-1.0,0.0,1.0,-0.0013479206,-1.036465e-09,0.49177468,0.49177468,0.032774046,0.015230742,-0.0001168783
5,176,0.0972973,0.6,-1.0,0.0,1.0,-0.0015773554,-1.500891e-09,0.59460974,0.59460974,0.017515603,0.016978482,-0.0002716378
5,177,0.06726727,0.6,-1.0,0.0,1.0,-0.0013031801,-1.443982e-09,0.28163764,0.28163764,-0.000439018,0.016562417,-0.0004263979
5,178,0.03723724,0.6,-0.7948609,0.6067917,1.0,-0.0007900854,1.064534e-09,-0.12748998,-0.22292408,-0.00786335,0.01566854,-0.0005811584
5,179,0.0,0.6513514,0.2823222,0.95931965,1.0,-0.00048836146,1.225541e-05,-0.027255934,-0.56687427,0.0,0.01947991,-0.0007101328
5,180,0.05195195,0.65,0.99986416,-0.01648187,1.0,-0.0010979068,-1.858386e-09,0.03681421,0.036622375,-0.005967427,0.018794093,-0.0004652724
5,181,0.08198198,0.65,1.0,0.0,1.0,-0.001544237,-2.394437e-09,0.5088428,0.5088428,0.0067040455,0.017701495,-0.0003227781
5,182,0.112012,0.65,1.0,0.0,1.0,-0.0015600345,-1.982119e-09,0.620045,0.620045,0.021850873,0.015263387,-0.0001802846
5,183,0.142042,0.65,1.0,0.0,1.0,-0.0010503781,-9.103448e-10,0.30123687,0.30123687,0.02386452,0.009986152,-3.779174e-05
5,184,0.1720721,0.65,1.0,0.0,1.0,-0.00028207383,3.110511e-10,-0.18471816,-0.18471816,0.0054945853,0.00040614285,0.0001047008
5,185,0.2021021,0.65,1.0,0.0,1.0,0.00033581656,1.158495e-09,-0.46640575,-0.46640575,-0.024073478,-0.013556345,0.0002471934
5,186,0.2321321,0.65,1.0,0.0,1.0,0.00056320685,1.308707e-09,-0.36571535,-0.36571535,-0.044498738,-0.029611895,0.0003896864
5,187,0.2621622,0.65,0.79688627,0.6041294,1.0,0.00047921692,9.73668e-10,-0.07297413,-0.030140094,-0.03944522,-0.04344085,0.00053218
5,188,0.3,0.7014515,-0.26091057,0.96536297,1.0,0.00016123548,-1.171238e-05,-0.020915193,0.29899624,8.266293e-09,-0.044283744,0.0006486846
5,189,0.2486486,0.7,-0.999841,-0.017832935,1.0,0.00043949072,3.437271e-09,-0.17480585,-0.17248559,-0.06629859,-0.034317274,0.0004277693
5,190,0.2186186,0.7,-1.0,0.0,1.0,0.00049559516,3.902471e-09,-0.4894014,-0.4894014,-0.06276976,-0.021860758,0.0002975407
5,191,0.1885886,0.7,-1.0,0.0,1.0,0.00013922027,2.683828e-09,-0.4391162,-0.4391162,-0.032933116,-0.008885035,0.0001673135
5,192,0.1585586,0.7,-1.0,0.0,1.0,-0.0005832547,3.294664e-10,-0.009364724,-0.009364724,5.3994358e-05,0.0018731464,3.708713e-05
5,193,0.1285285,0.7,-1.0,0.0,1.0,-0.0013090301,-2.24007e-09,0.48454273,0.48454273,0.01580582,0.009362528,-9.313911e-05
5,194,0.0984985,0.7,-1.0,0.0,1.0,-0.0016234855,-4.078818e-09,0.65094775,0.65094775,0.0106015885,0.014001443,-0.0002233661
5,195,0.06846847,0.7,-1.0,0.0,1.0,-0.0013879635,-4.421022e-09,0.3452589,0.3452589,-0.003008142,0.016774446,-0.0003535946
5,196,0.03843844,0.7,-0.7988771,0.60149425,1.0,-0.0008600843,-4.183848e-09,-0.11349039,-0.2021759,-0.009239398,0.01840759,-0.0004838246
5,197,0.0,0.7515516,0.2391036,0.97099406,1.0,-0.00042151386,1.064582e-05,-0.02105226,-0.6037172,0.0,0.0142789055,-0.0005873575
5,198,0.05075075,0.75,0.9998156,-0.019203996,1.0,-0.0010456191,-6.243847e-09,0.03246549,0.032055356,-0.010860097,0.0133301355,-0.0003898923
5,199,0.08078078,0.75,1.0,0.0,1.0,-0.0015134882,-8.991358e-09,0.5424667,0.5424667,-0.0020794813,0.011307878,-0.0002719258
5,200,0.1108108,0.75,1.0,0.0,1.0,-0.0015238579,-6.834747e-09,0.64934886,0.64934886,0.007414657,0.0078982925,-0.0001539624
5,201,0.1408408,0.75,1.0,0.0,1.0,-0.0009864101,-2.097252e-09,0.2750415,0.2750415,0.0010321569,0.002820202,-3.600137e-05
5,202,0.1708709,0.75,1.0,0.0,1.0,-0.00021467212,3.113816e-09,-0.27511817,-0.27511817,-0.027412275,-0.003898732,8.195892e-05
5,203,0.2009009,0.75,1.0,0.0,1.0,0.00032920737,7.029252e-09,-0.5685832,-0.5685832,-0.06475623,-0.011687595,0.0001999203
5,204,0.2309309,0.75,1.0,0.0,1.0,0.00039670995,7.933287e-09,-0.39972505,-0.39972505,-0.08527292,-0.01937736,0.0003178842
5,205,0.260961,0.75,0.8008347,0.5988854,1.0,0.00012575579,5.296288e-09,-0.043686256,0.049538266,-0.06915404,-0.025436768,0.0004358509
5,206,0.3,0.8016517,-0.21693212,0.9761867,1.0,-0.00050385826,-1.140833e-05,0.019057378,0.5037585,1.14954855e-08,-0.0048788586,0.0005259521
5,207,0.2498498,0.8,-0.99978787,-0.02059548,1.0,-2.7763308e-06,1.296401e-08,-0.089673385,-0.086241946,-0.084142804,-0.0066803778,0.0003514354
5,208,0.2198198,0.8,-1.0,0.0,1.0,0.00031205954,1.623557e-08,-0.5396955,-0.5396955,-0.08797285,-0.007044231,0.0002457288
5,209,0.1897898,0.8,-1.0,0.0,1.0,0.00017315631,1.213504e-08,-0.57381797,-0.57381797,-0.059820235,-0.005958626,0.0001400279
5,210,0.1597598,0.8,-1.0,0.0,1.0,-0.00044587685,3.210213e-09,-0.13328587,-0.13328587,-0.023447338,-0.003199308,3.433121e-05
5,211,0.1297297,0.8,-1.0,0.0,1.0,-0.0011746419,-7.128362e-09,0.4398369,0.4398369,-0.0015198151,0.00042972574,-7.136441e-05
5,212,0.0996997,0.8,-1.0,0.0,1.0,-0.001532568,-1.495617e-08,0.68407696,0.68407696,-0.00040105032,0.003662726,-0.0001770625
5,213,0.06966967,0.8,-1.0,0.0,1.0,-0.0013151668,-1.750406e-08,0.39908308,0.39908308,-0.00924355,0.0056374185,-0.0002827659
5,214,0.03963964,0.8,-0.80275935,0.5963031,1.0,-0.0007614364,-1.375575e-08,-0.10549977,-0.18576455,-0.012479513,0.0063657667,-0.0003884753
5,215,0.0,0.8517518,0.1944164,0.98091906,1.0,-0.00022222842,8.93205e-06,-0.027715676,-0.64676505,0.0,-0.0033978513,-0.0004646621
5,216,0.04954955,0.85,0.9997578,-0.022007853,1.0,-0.0008660853,-2.610629e-08,0.014024562,0.013480253,-0.012540052,-0.0020373696,-0.0003125885
5,217,0.07957958,0.85,1.0,0.0,1.0,-0.0013742344,-3.19088e-08,0.5596657,0.5596657,-0.008010773,-0.0017287238,-0.0002191324
5,218,0.1096096,0.85,1.0,0.0,1.0,-0.0014124592,-2.416209e-08,0.66328996,0.66328996,-0.002755701,-0.002707046,-0.0001256876
5,219,0.1396396,0.85,1.0,0.0,1.0,-0.0008942011,-6.850338e-09,0.23663762,0.23663762,-0.010350749,-0.004192463,-3.225112e-05
5,220,0.1696697,0.85,1.0,0.0,1.0,-0.00017694791,1.269973e-08,-0.37347838,-0.37347838,-0.035784617,-0.0040233852,6.118286e-05
5,221,0.1996997,0.85,1.0,0.0,1.0,0.00022797397,2.75358e-08,-0.6724336,-0.6724336,-0.06773295,-0.0002804061,0.0001546213
5,222,0.2297297,0.85,1.0,0.0,1.0,6.943049e-05,3.089395e-08,-0.42527002,-0.42527002,-0.08407567,0.0068777623,0.0002480693
5,223,0.2597598,0.85,0.80465215,0.5937465,1.0,-0.00044672212,1.90496e-08,0.038705755,0.15149567,-0.067579865,0.0147259915,0.000341528
5,224,0.3,0.9018519,-0.1715907,0.98516834,1.0,-0.0012099935,-1.152362e-05,0.06272292,0.69500554,8.10991e-09,0.043541625,0.0004033821
5,225,0.2510511,0.9,-0.9997252,-0.023441562,1.0,-0.0005232154,4.694334e-08,0.011265058,0.013977863,-0.058068592,0.03014494,0.0002732238
5,226,0.221021,0.9,-1.0,0.0,1.0,4.3855907e-05,6.003451e-08,-0.5642294,-0.5642294,-0.06329367,0.0153678665,0.0001920023
5,227,0.190991,0.9,-1.0,0.0,1.0,0.00013797331,4.580893e-08,-0.68609285,-0.68609285,-0.046385366,0.0024980821,0.0001108017
5,228,0.160961,0.9,-1.0,0.0,1.0,-0.00034284603,1.380327e-08,-0.2509293,-0.2509293,-0.022507783,-0.004867329,2.961704e-05
5,229,0.1309309,0.9,-1.0,0.0,1.0,-0.0010342649,-2.276872e-08,0.38395876,0.38395876,-0.0068272827,-0.0071555995,-5.156278e-05
5,230,0.1009009,0.9,-1.0,0.0,1.0,-0.0014046009,-5.290938e-08,0.69874144,0.69874144,-0.004306852,-0.007391103,-0.0001327509
5,231,0.07087087,0.9,-1.0,0.0,1.0,-0.0011899105,-5.884119e-08,0.43988857,0.43988857,-0.008572653,-0.008286785,-0.0002139571
5,232,0.04084084,0.9,-0.80651337,0.59121585,1.0,-0.0006062592,-3.612836e-08,-0.1061069,-0.17177448,-0.009663647,-0.010269389,-0.0002951836
5,233,0.0,0.951952,0.14848572,0.98891455,1.0,-5.4735065e-05,1.099075e-05,-0.03296111,-0.6774379,0.0,-0.018431328,-0.0003423085
5,234,0.04834835,0.95,0.99969,-0.024897108,1.0,-0.00070209836,-8.589199e-08,-0.013262437,-0.0135411285,-0.0056181815,-0.015113174,-0.0002335102
5,235,0.07837838,0.95,1.0,0.0,1.0,-0.0012475702,-1.102108e-07,0.55993766,0.55993766,-0.0043792427,-0.012227738,-0.0001644891
5,236,0.1084084,0.95,1.0,0.0,1.0,-0.0013243477,-8.54457e-08,0.6722139,0.6722139,-0.0026445065,-0.0105082765,-9.550636e-05
5,237,0.1384384,0.95,1.0,0.0,1.0,-0.00083929376,-2.726585e-08,0.22029534,0.22029534,-0.0057421364,-0.008674996,-2.655355e-05
5,238,0.1684685,0.95,1.0,0.0,1.0,-0.00017111492,4.172126e-08,-0.42894894,-0.42894894,-0.015776612,-0.0030579048,4.238983e-05
5,239,0.1984985,0.95,1.0,0.0,1.0,0.00013682384,9.470635e-08,-0.7396577,-0.7396577,-0.028433561,0.009429073,0.0001113481
5,240,0.2285285,0.95,1.0,0.0,1.0,-0.00017505862,1.101894e-07,-0.4497548,-0.4497548,-0.034979492,0.027904099,0.0001803398
5,241,0.2585586,0.95,0.9990588,-0.043376442,1.0,-0.00086343894,7.411905e-08,0.21236917,0.21021488,-0.028406983,0.046629913,0.0002493696
5,242,0.3,0.9468969,-0.22539398,-0.9742677,1.0,-0.0014136753,1.118906e-05,0.09310304,0.7479615,4.7321063e-09,0.058054045,0.0003484426
5,243,0.05045045,0.05045045,-0.2298343,-0.97322977,1.0,-0.0006410214,-1.780649e-05,0.006531977,0.13129675,-0.02303009,0.010451272,-0.02769854
5,244,0.1,0.1,0.70710677,0.70710677,1.0,-0.00026682072,-1.573473e-05,0.02299991,0.12870735,-0.03557156,-0.0115644,-0.0254744
5,245,0.1495495,0.1495495,0.70710677,0.70710677,1.0,0.0001976947,-1.461693e-05,-0.05222595,-0.076898865,-0.0068939747,-0.013765095,-0.0232813
5,246,0.2,0.2,0.70710677,0.70710677,1.0,0.00040344143,-1.503916e-05,-0.1188553,-0.25424135,0.007270337,0.001990046,-0.02107829
5,247,0.2495495,0.2495495,0.31965092,0.9475354,1.0,0.00010194033,-1.639173e-05,0.018631866,-0.028887834,0.0010489356,0.023332125,-0.01894463
5,248,0.2504505,0.3495495,-0.31281283,0.9498148,1.0,3.4294499e-06,-3.675169e-05,0.00968123,-0.061493564,0.020032901,0.03059654,-0.01484184
5,249,0.2,0.4,-0.70710677,0.70710677,1.0,2.0593405e-05,-3.843539e-05,-0.19740191,-0.30939174,0.05259707,0.019782001,-0.01291653
5,250,0.1504505,0.4495495,-0.70710677,0.70710677,1.0,-0.0007567569,-4.037244e-05,0.03290527,0.14725012,0.04845371,0.015467854,-0.01110179
5,251,0.1,0.5,-0.70710695,0.7071066,1.0,-0.0013738711,-4.284716e-05,0.2575431,0.52719593,0.011915246,0.011720478,-0.009335698
5,252,0.05045045,0.5495495,-0.31281313,0.9498147,1.0,-0.0009247506,-4.553675e-05,0.013645075,-0.012159191,-0.009698071,0.010056003,-0.00768611
5,253,0.05045045,0.6504505,0.31281313,0.9498147,1.0,-0.0010710745,-6.091494e-05,0.014167754,0.009438017,-0.0063129347,0.018838987,-0.004791205
5,254,0.1,0.7,0.70710695,0.7071066,1.0,-0.0016213425,-6.411657e-05,0.34521744,0.65419984,0.011206409,0.013821922,-0.003628066
5,255,0.1495495,0.7495495,0.70710677,0.70710677,1.0,-0.0007663065,-6.999359e-05,0.05245457,0.1139686,-0.005058039,0.0010566215,-0.002591329
5,256,0.2,0.8,0.70710677,0.70710677,1.0,0.0002823815,-7.960652e-05,-0.3859835,-0.62207955,-0.07168007,-0.006527352,-0.001677772
5,257,0.2504505,0.8504505,0.70710677,0.70710677,1.0,-0.0002784505,-9.102512e-05,-0.08721073,-0.03416284,-0.07644166,0.012624681,-0.0009264593
